1	0	1696487800	1660115842	0	0	0	0		512	\N	0	0	0	0	\N	{"doktype":"","title":"","slug":"","nav_title":"","subtitle":"","seo_title":"","description":"","no_index":"","no_follow":"","canonical_link":"","sitemap_changefreq":"","sitemap_priority":"","og_title":"","og_description":"","og_image":"","twitter_title":"","twitter_description":"","twitter_image":"","twitter_card":"","abstract":"","keywords":"","author":"","author_email":"","lastUpdated":"","layout":"","newUntil":"","backend_layout":"","backend_layout_next_level":"","content_from_pid":"","target":"","cache_timeout":"","cache_tags":"","is_siteroot":"","no_search":"","no_search_sub_entries":"","php_tree_stop":"","module":"","media":"","tsconfig_includes":"","TSconfig":"","l18n_cfg":"","hidden":"","nav_hide":"","starttime":"","endtime":"","extendToSubpages":"","fe_group":"","fe_login_mode":"","editlock":"","categories":"","rowDescription":""}	0	0	0	0	1	1	31	31	1	Home	/	1	\N	1	0		0	0		0		0	0	\N	0		0	\N	0	1696487800	\N		0				0	0	0	0	0			\N	0	0		0	0		\N	0		\N	0	summary		0.5		
2	3	1698046782	1695897937	0	0	0	0		64		0	0	0	0	\N	{"doktype":"","title":"","slug":"","nav_title":"","subtitle":"","seo_title":"","description":"","no_index":"","no_follow":"","canonical_link":"","sitemap_changefreq":"","sitemap_priority":"","og_title":"","og_description":"","og_image":"","twitter_title":"","twitter_description":"","twitter_image":"","twitter_card":"","abstract":"","keywords":"","author":"","author_email":"","lastUpdated":"","layout":"","newUntil":"","backend_layout":"","backend_layout_next_level":"","content_from_pid":"","target":"","cache_timeout":"","cache_tags":"","is_siteroot":"","no_search":"","no_search_sub_entries":"","php_tree_stop":"","module":"","media":"","tsconfig_includes":"","TSconfig":"","l18n_cfg":"","hidden":"","nav_hide":"","starttime":"","endtime":"","extendToSubpages":"","fe_group":"","fe_login_mode":"","editlock":"","categories":"","rowDescription":""}	0	0	0	0	1	6	31	31	1	5a Workflows - Page properties - changed	/5a-page-workflows-page-properties	1		0	0		0	0	Page properties (title) has changed	0		0	0		0		0		0	1698046461			0				0	0	0	0	0				0	0		0	0			0			0	summary		0.5		
3	1	1698046742	1695901523	0	0	0	0		544		0	0	0	0	\N	{"hidden":""}	0	0	0	0	1	6	31	31	1	EXT:in2publish	/extin2publish-core	1		0	0		0	0		0		0	0		0		0		0	0			0				0	0	0	0	0				0	0		0	0			0			0	summary		0.5		
4	1	1698046773	1695901537	0	0	0	0		16		0	0	0	0	\N	{"hidden":""}	0	0	0	0	1	9	31	27	1	EXT:in2publish_core	/extin2publish	1		0	0		0	0		0		0	0		0		0		0	1698046773			0				0	0	0	0	0				0	0		0	0			0			0	summary		0.5		
5	4	1700506518	1695901581	0	0	0	0		112		0	0	0	0	\N	{"doktype":"","title":"","slug":"","nav_title":"","subtitle":"","seo_title":"","description":"","no_index":"","no_follow":"","canonical_link":"","sitemap_changefreq":"","sitemap_priority":"","og_title":"","og_description":"","og_image":"","twitter_title":"","twitter_description":"","twitter_image":"","twitter_card":"","abstract":"","keywords":"","author":"","author_email":"","lastUpdated":"","layout":"","newUntil":"","backend_layout":"","backend_layout_next_level":"","content_from_pid":"","target":"","cache_timeout":"","cache_tags":"","is_siteroot":"","no_search":"","no_search_sub_entries":"","php_tree_stop":"","module":"","media":"","tsconfig_includes":"","TSconfig":"","l18n_cfg":"","hidden":"","nav_hide":"","starttime":"","endtime":"","extendToSubpages":"","fe_group":"","fe_login_mode":"","editlock":"","categories":"","rowDescription":""}	0	0	0	0	1	9	31	27	1	1a Page properties - changed	/extin2publish/1-publish-page	1		0	0		0	0		0		0	0		0		0		0	1695901581			0				0	0	0	0	0				0	0		0	0			0			0	summary		0.5		
6	4	1698046773	1695901957	0	0	0	0		128		0	0	0	0	\N	{"hidden":""}	0	0	0	0	1	9	31	27	1	1b Page content	/extin2publish/1b-page-content	1		0	0		0	0		0		0	0		0		0		0	0			0				0	0	0	0	0				0	0		0	0			0			0	summary		0.5		
7	3	1698046782	1695905917	0	0	0	0		128		0	0	0	0	\N	{"hidden":""}	0	0	0	0	1	6	31	31	1	5b Workflows - Page content	/extin2publish-core/5b-workflows-page-content	1		0	0		0	0		0		0	0		0		0		0	1698046461			0				0	0	0	0	0				0	0		0	0			0			0	summary		0.5		
8	3	1698046782	1695906746	0	0	0	0		384		0	0	0	0	\N	{"hidden":""}	0	0	0	0	1	6	31	31	1	6a Workflows / TreeViewColors - Page properties	/extin2publish-core/6a-workflows-/-treeviewcolors-page-properties	1		0	0		0	0		0		0	0		0		0		0	0			0				0	0	0	0	0				0	0		0	0			0			0	summary		0.5		
9	3	1698046782	1695906780	0	0	0	0		640		0	0	0	0	\N	{"hidden":""}	0	0	0	0	1	6	31	31	1	6b Workflows / TreeViewColors - ContentElements	/extin2publish-core/6b-workflows-/-treeviewcolors-contentelements	1		0	0		0	0		0		0	0		0		0		0	0			0				0	0	0	0	0				0	0		0	0			0			0	summary		0.5		
10	3	1697543438	1695908424	1	0	0	0		896		0	0	0	0	\N	{"doktype":"","title":"","slug":"","nav_title":"","subtitle":"","seo_title":"","description":"","no_index":"","no_follow":"","canonical_link":"","sitemap_changefreq":"","sitemap_priority":"","og_title":"","og_description":"","og_image":"","twitter_title":"","twitter_description":"","twitter_image":"","twitter_card":"","abstract":"","keywords":"","author":"","author_email":"","lastUpdated":"","layout":"","newUntil":"","backend_layout":"","backend_layout_next_level":"","content_from_pid":"","target":"","cache_timeout":"","cache_tags":"","is_siteroot":"","no_search":"","no_search_sub_entries":"","php_tree_stop":"","module":"","media":"","tsconfig_includes":"","TSconfig":"","l18n_cfg":"","hidden":"","nav_hide":"","starttime":"","endtime":"","extendToSubpages":"","fe_group":"","fe_login_mode":"","editlock":"","categories":"","rowDescription":""}	0	0	0	0	1	0	31	27	0	11a Workflows/CLC LIW - Page props changed	/extin2publish-core/11a-workflows/clc-liw-page-props	1		0	0		0	0		0		0	0		0		0		0	0			0				0	0	0	0	0				0	0		0	0			0			0	summary		0.5		
11	3	1697543438	1695908449	1	0	0	0		896	\N	0	1	10	10	{"starttime":"parent","endtime":"parent","nav_hide":"parent","url":"parent","lastUpdated":"parent","newUntil":"parent","no_search":"parent","shortcut":"parent","shortcut_mode":"parent","content_from_pid":"parent","author":"parent","author_email":"parent","media":"parent","og_image":"parent","twitter_image":"parent","no_search_sub_entries":"parent"}	{"doktype":"1","slug":"\\/extin2publish-core\\/11a-workflows\\/clc-liw-page-props","hidden":"0","starttime":"0","endtime":"0","l10n_parent":"0","categories":"0","l10n_diffsource":"{\\"hidden\\":\\"\\"}","layout":"0","lastUpdated":"0","newUntil":"0","cache_timeout":"0","shortcut":"0","shortcut_mode":"0","content_from_pid":"0","mount_pid":"0","module":"","sitemap_priority":"0.5","twitter_card":"summary","t3_origuid":"0","sys_language_uid":"0","l10n_source":"0","title":"11a Workflows\\/CLC LIW - Page props changed","nav_hide":"0","url":"","no_search":"0","author":"","author_email":"","media":"0","og_image":"0","twitter_image":"0","no_search_sub_entries":"0","TSconfig":"","php_tree_stop":"0","editlock":"0","fe_group":"","extendToSubpages":"0","target":"","cache_tags":"","is_siteroot":"0","mount_pid_ol":"0","fe_login_mode":"0","l18n_cfg":"0","backend_layout":"","backend_layout_next_level":"","tsconfig_includes":"","no_index":"0","no_follow":"0","nav_title":"","subtitle":"","seo_title":"","description":"","canonical_link":"","sitemap_changefreq":"","og_title":"","og_description":"","twitter_title":"","twitter_description":"","abstract":"","keywords":"","rowDescription":""}	0	0	0	0	1	0	31	27	0	DE 11a Workflows/CLC LIW - Page props changed	/extin2publish-core/de-11a-workflows/clc-liw-page-props	1		0	0		0	0		0		0	0	\N	0		0	\N	0	0	\N		0				0	0	0	0	0				0	0		0	0		\N	0		\N	0	summary		0.5		
12	3	1697543438	1695908463	1	0	0	0		896	\N	0	2	10	10	{"starttime":"parent","endtime":"parent","nav_hide":"parent","url":"parent","lastUpdated":"parent","newUntil":"parent","no_search":"parent","shortcut":"parent","shortcut_mode":"parent","content_from_pid":"parent","author":"parent","author_email":"parent","media":"parent","og_image":"parent","twitter_image":"parent","no_search_sub_entries":"parent"}	{"doktype":"1","slug":"\\/extin2publish-core\\/11a-workflows\\/clc-liw-page-props","hidden":"0","starttime":"0","endtime":"0","l10n_parent":"0","categories":"0","l10n_diffsource":"{\\"hidden\\":\\"\\"}","layout":"0","lastUpdated":"0","newUntil":"0","cache_timeout":"0","shortcut":"0","shortcut_mode":"0","content_from_pid":"0","mount_pid":"0","module":"","sitemap_priority":"0.5","twitter_card":"summary","t3_origuid":"0","sys_language_uid":"0","l10n_source":"0","title":"11a Workflows\\/CLC LIW - Page props changed","nav_hide":"0","url":"","no_search":"0","author":"","author_email":"","media":"0","og_image":"0","twitter_image":"0","no_search_sub_entries":"0","TSconfig":"","php_tree_stop":"0","editlock":"0","fe_group":"","extendToSubpages":"0","target":"","cache_tags":"","is_siteroot":"0","mount_pid_ol":"0","fe_login_mode":"0","l18n_cfg":"0","backend_layout":"","backend_layout_next_level":"","tsconfig_includes":"","no_index":"0","no_follow":"0","nav_title":"","subtitle":"","seo_title":"","description":"","canonical_link":"","sitemap_changefreq":"","og_title":"","og_description":"","twitter_title":"","twitter_description":"","abstract":"","keywords":"","rowDescription":""}	0	0	0	0	1	0	31	27	0	JP 11a Workflows/CLC LIW - Page props changed	/extin2publish-core/jp-11a-workflows/clc-liw-page-props	1		0	0		0	0		0		0	0	\N	0		0	\N	0	0	\N		0				0	0	0	0	0				0	0		0	0		\N	0		\N	0	summary		0.5		
13	3	1697543443	1696253408	1	0	0	0		1152		0	0	0	0	\N	{"doktype":"","title":"","slug":"","nav_title":"","subtitle":"","seo_title":"","description":"","no_index":"","no_follow":"","canonical_link":"","sitemap_changefreq":"","sitemap_priority":"","og_title":"","og_description":"","og_image":"","twitter_title":"","twitter_description":"","twitter_image":"","twitter_card":"","abstract":"","keywords":"","author":"","author_email":"","lastUpdated":"","layout":"","newUntil":"","backend_layout":"","backend_layout_next_level":"","content_from_pid":"","target":"","cache_timeout":"","cache_tags":"","is_siteroot":"","no_search":"","no_search_sub_entries":"","php_tree_stop":"","module":"","media":"","tsconfig_includes":"","TSconfig":"","l18n_cfg":"","hidden":"","nav_hide":"","starttime":"","endtime":"","extendToSubpages":"","fe_group":"","fe_login_mode":"","editlock":"","categories":"","rowDescription":""}	0	0	0	0	1	0	31	27	0	11b Workflows / CLC / languageIndependentWorkflows - Header changed	/extin2publish-core/11a-workflows-/-clc-/-languageindependentworkflows-page-properties-changed-1	1		0	0		0	0		0		0	0		0		0		0	1696253865			0				0	0	0	0	0				0	0		0	0			0			0	summary		0.5		
14	3	1697543443	1696253408	1	0	0	0		1152	\N	0	1	13	13	{"starttime":"parent","endtime":"parent","nav_hide":"parent","url":"parent","lastUpdated":"parent","newUntil":"parent","no_search":"parent","shortcut":"parent","shortcut_mode":"parent","content_from_pid":"parent","author":"parent","author_email":"parent","media":"parent","og_image":"parent","twitter_image":"parent","no_search_sub_entries":"parent"}	{"doktype":"1","slug":"\\/extin2publish-core\\/11a-workflows-\\/-clc-\\/-languageindependentworkflows-page-properties-changed-1","hidden":"0","starttime":"0","endtime":"0","l10n_parent":"0","categories":"0","l10n_diffsource":"{\\"doktype\\":\\"\\",\\"title\\":\\"\\",\\"slug\\":\\"\\",\\"nav_title\\":\\"\\",\\"subtitle\\":\\"\\",\\"seo_title\\":\\"\\",\\"description\\":\\"\\",\\"no_index\\":\\"\\",\\"no_follow\\":\\"\\",\\"canonical_link\\":\\"\\",\\"sitemap_changefreq\\":\\"\\",\\"sitemap_priority\\":\\"\\",\\"og_title\\":\\"\\",\\"og_description\\":\\"\\",\\"og_image\\":\\"\\",\\"twitter_title\\":\\"\\",\\"twitter_description\\":\\"\\",\\"twitter_image\\":\\"\\",\\"twitter_card\\":\\"\\",\\"abstract\\":\\"\\",\\"keywords\\":\\"\\",\\"author\\":\\"\\",\\"author_email\\":\\"\\",\\"lastUpdated\\":\\"\\",\\"layout\\":\\"\\",\\"newUntil\\":\\"\\",\\"backend_layout\\":\\"\\",\\"backend_layout_next_level\\":\\"\\",\\"content_from_pid\\":\\"\\",\\"target\\":\\"\\",\\"cache_timeout\\":\\"\\",\\"cache_tags\\":\\"\\",\\"is_siteroot\\":\\"\\",\\"no_search\\":\\"\\",\\"no_search_sub_entries\\":\\"\\",\\"php_tree_stop\\":\\"\\",\\"module\\":\\"\\",\\"media\\":\\"\\",\\"tsconfig_includes\\":\\"\\",\\"TSconfig\\":\\"\\",\\"l18n_cfg\\":\\"\\",\\"hidden\\":\\"\\",\\"nav_hide\\":\\"\\",\\"starttime\\":\\"\\",\\"endtime\\":\\"\\",\\"extendToSubpages\\":\\"\\",\\"fe_group\\":\\"\\",\\"fe_login_mode\\":\\"\\",\\"editlock\\":\\"\\",\\"categories\\":\\"\\",\\"rowDescription\\":\\"\\"}","layout":"0","lastUpdated":"0","newUntil":"0","cache_timeout":"0","shortcut":"0","shortcut_mode":"0","content_from_pid":"0","mount_pid":"0","module":"","sitemap_priority":"0.5","twitter_card":"summary","t3_origuid":"10","sys_language_uid":"0","l10n_source":"0","title":"11b Workflows \\/ CLC \\/ languageIndependentWorkflows - Header changed","nav_hide":"0","url":"","no_search":"0","author":"","author_email":"","media":"0","og_image":"0","twitter_image":"0","no_search_sub_entries":"0","TSconfig":"","php_tree_stop":"0","editlock":"0","fe_group":"","extendToSubpages":"0","target":"","cache_tags":"","is_siteroot":"0","mount_pid_ol":"0","fe_login_mode":"0","l18n_cfg":"0","backend_layout":"","backend_layout_next_level":"","tsconfig_includes":"","no_index":"0","no_follow":"0","nav_title":"","subtitle":"","seo_title":"","description":"","canonical_link":"","sitemap_changefreq":"","og_title":"","og_description":"","twitter_title":"","twitter_description":"","abstract":"","keywords":"","rowDescription":"","tx_impexp_origuid":"0","tx_styleguide_containsdemo":""}	0	0	0	0	1	0	31	27	0	DE 11b Workflows / CLC / languageIndependentWorkflows - Header changed	/extin2publish-core/de-11a-workflows-/-clc-/-languageindependentworkflows-page-properties-changed-1	1		0	0		0	0		0		0	0	\N	0		0	\N	0	1696253878	\N		0				0	0	0	0	0				0	0		0	0		\N	0		\N	0	summary		0.5		
15	3	1697543443	1696253408	1	0	0	0		1152	\N	0	2	13	13	{"starttime":"parent","endtime":"parent","nav_hide":"parent","url":"parent","lastUpdated":"parent","newUntil":"parent","no_search":"parent","shortcut":"parent","shortcut_mode":"parent","content_from_pid":"parent","author":"parent","author_email":"parent","media":"parent","og_image":"parent","twitter_image":"parent","no_search_sub_entries":"parent"}	{"doktype":"1","slug":"\\/extin2publish-core\\/11a-workflows-\\/-clc-\\/-languageindependentworkflows-page-properties-changed-1","hidden":"0","starttime":"0","endtime":"0","l10n_parent":"0","categories":"0","l10n_diffsource":"{\\"doktype\\":\\"\\",\\"title\\":\\"\\",\\"slug\\":\\"\\",\\"nav_title\\":\\"\\",\\"subtitle\\":\\"\\",\\"seo_title\\":\\"\\",\\"description\\":\\"\\",\\"no_index\\":\\"\\",\\"no_follow\\":\\"\\",\\"canonical_link\\":\\"\\",\\"sitemap_changefreq\\":\\"\\",\\"sitemap_priority\\":\\"\\",\\"og_title\\":\\"\\",\\"og_description\\":\\"\\",\\"og_image\\":\\"\\",\\"twitter_title\\":\\"\\",\\"twitter_description\\":\\"\\",\\"twitter_image\\":\\"\\",\\"twitter_card\\":\\"\\",\\"abstract\\":\\"\\",\\"keywords\\":\\"\\",\\"author\\":\\"\\",\\"author_email\\":\\"\\",\\"lastUpdated\\":\\"\\",\\"layout\\":\\"\\",\\"newUntil\\":\\"\\",\\"backend_layout\\":\\"\\",\\"backend_layout_next_level\\":\\"\\",\\"content_from_pid\\":\\"\\",\\"target\\":\\"\\",\\"cache_timeout\\":\\"\\",\\"cache_tags\\":\\"\\",\\"is_siteroot\\":\\"\\",\\"no_search\\":\\"\\",\\"no_search_sub_entries\\":\\"\\",\\"php_tree_stop\\":\\"\\",\\"module\\":\\"\\",\\"media\\":\\"\\",\\"tsconfig_includes\\":\\"\\",\\"TSconfig\\":\\"\\",\\"l18n_cfg\\":\\"\\",\\"hidden\\":\\"\\",\\"nav_hide\\":\\"\\",\\"starttime\\":\\"\\",\\"endtime\\":\\"\\",\\"extendToSubpages\\":\\"\\",\\"fe_group\\":\\"\\",\\"fe_login_mode\\":\\"\\",\\"editlock\\":\\"\\",\\"categories\\":\\"\\",\\"rowDescription\\":\\"\\"}","layout":"0","lastUpdated":"0","newUntil":"0","cache_timeout":"0","shortcut":"0","shortcut_mode":"0","content_from_pid":"0","mount_pid":"0","module":"","sitemap_priority":"0.5","twitter_card":"summary","t3_origuid":"10","sys_language_uid":"0","l10n_source":"0","title":"11b Workflows \\/ CLC \\/ languageIndependentWorkflows - Header changed","nav_hide":"0","url":"","no_search":"0","author":"","author_email":"","media":"0","og_image":"0","twitter_image":"0","no_search_sub_entries":"0","TSconfig":"","php_tree_stop":"0","editlock":"0","fe_group":"","extendToSubpages":"0","target":"","cache_tags":"","is_siteroot":"0","mount_pid_ol":"0","fe_login_mode":"0","l18n_cfg":"0","backend_layout":"","backend_layout_next_level":"","tsconfig_includes":"","no_index":"0","no_follow":"0","nav_title":"","subtitle":"","seo_title":"","description":"","canonical_link":"","sitemap_changefreq":"","og_title":"","og_description":"","twitter_title":"","twitter_description":"","abstract":"","keywords":"","rowDescription":"","tx_impexp_origuid":"0","tx_styleguide_containsdemo":""}	0	0	0	0	1	0	31	27	0	JP 11b Workflows / CLC / languageIndependentWorkflows - Header changed	/extin2publish-core/jp-11a-workflows-/-clc-/-languageindependentworkflows-page-properties-changed-1	1		0	0		0	0		0		0	0	\N	0		0	\N	0	1696253889	\N		0				0	0	0	0	0				0	0		0	0		\N	0		\N	0	summary		0.5		
16	3	1698046782	1696253425	0	0	0	0		2432		0	0	0	0	\N	{"doktype":"","title":"","slug":"","nav_title":"","subtitle":"","seo_title":"","description":"","no_index":"","no_follow":"","canonical_link":"","sitemap_changefreq":"","sitemap_priority":"","og_title":"","og_description":"","og_image":"","twitter_title":"","twitter_description":"","twitter_image":"","twitter_card":"","abstract":"","keywords":"","author":"","author_email":"","lastUpdated":"","layout":"","newUntil":"","backend_layout":"","backend_layout_next_level":"","content_from_pid":"","target":"","cache_timeout":"","cache_tags":"","is_siteroot":"","no_search":"","no_search_sub_entries":"","php_tree_stop":"","module":"","media":"","tsconfig_includes":"","TSconfig":"","l18n_cfg":"","hidden":"","nav_hide":"","starttime":"","endtime":"","extendToSubpages":"","fe_group":"","fe_login_mode":"","editlock":"","categories":"","rowDescription":""}	0	0	0	0	1	6	31	31	1	11 Workflows / CLC / languageIndependentWorkflows	/extin2publish-core/11a-workflows-/-clc-/-languageindependentworkflows-page-properties-changed-1-1	1		0	0		0	0		0		0	0		0		0		0	1696405393			0				0	0	0	0	0				0	0		0	0			0			0	summary		0.5		
17	3	1698046782	1696253425	0	0	0	0		2432	\N	0	1	16	16	{"starttime":"parent","endtime":"parent","nav_hide":"parent","url":"parent","lastUpdated":"parent","newUntil":"parent","no_search":"parent","shortcut":"parent","shortcut_mode":"parent","content_from_pid":"parent","author":"parent","author_email":"parent","media":"parent","og_image":"parent","twitter_image":"parent","no_search_sub_entries":"parent"}	{"doktype":"1","slug":"\\/extin2publish-core\\/11a-workflows-\\/-clc-\\/-languageindependentworkflows-page-properties-changed-1-1","hidden":"0","starttime":"0","endtime":"0","l10n_parent":"0","categories":"0","l10n_diffsource":"{\\"doktype\\":\\"\\",\\"title\\":\\"\\",\\"slug\\":\\"\\",\\"nav_title\\":\\"\\",\\"subtitle\\":\\"\\",\\"seo_title\\":\\"\\",\\"description\\":\\"\\",\\"no_index\\":\\"\\",\\"no_follow\\":\\"\\",\\"canonical_link\\":\\"\\",\\"sitemap_changefreq\\":\\"\\",\\"sitemap_priority\\":\\"\\",\\"og_title\\":\\"\\",\\"og_description\\":\\"\\",\\"og_image\\":\\"\\",\\"twitter_title\\":\\"\\",\\"twitter_description\\":\\"\\",\\"twitter_image\\":\\"\\",\\"twitter_card\\":\\"\\",\\"abstract\\":\\"\\",\\"keywords\\":\\"\\",\\"author\\":\\"\\",\\"author_email\\":\\"\\",\\"lastUpdated\\":\\"\\",\\"layout\\":\\"\\",\\"newUntil\\":\\"\\",\\"backend_layout\\":\\"\\",\\"backend_layout_next_level\\":\\"\\",\\"content_from_pid\\":\\"\\",\\"target\\":\\"\\",\\"cache_timeout\\":\\"\\",\\"cache_tags\\":\\"\\",\\"is_siteroot\\":\\"\\",\\"no_search\\":\\"\\",\\"no_search_sub_entries\\":\\"\\",\\"php_tree_stop\\":\\"\\",\\"module\\":\\"\\",\\"media\\":\\"\\",\\"tsconfig_includes\\":\\"\\",\\"TSconfig\\":\\"\\",\\"l18n_cfg\\":\\"\\",\\"hidden\\":\\"\\",\\"nav_hide\\":\\"\\",\\"starttime\\":\\"\\",\\"endtime\\":\\"\\",\\"extendToSubpages\\":\\"\\",\\"fe_group\\":\\"\\",\\"fe_login_mode\\":\\"\\",\\"editlock\\":\\"\\",\\"categories\\":\\"\\",\\"rowDescription\\":\\"\\"}","layout":"0","lastUpdated":"0","newUntil":"0","cache_timeout":"0","shortcut":"0","shortcut_mode":"0","content_from_pid":"0","mount_pid":"0","module":"","sitemap_priority":"0.5","twitter_card":"summary","t3_origuid":"13","sys_language_uid":"0","l10n_source":"0","title":"11 Workflows \\/ CLC \\/ languageIndependentWorkflows","nav_hide":"0","url":"","no_search":"0","author":"","author_email":"","media":"0","og_image":"0","twitter_image":"0","no_search_sub_entries":"0","TSconfig":"","php_tree_stop":"0","editlock":"0","fe_group":"","extendToSubpages":"0","target":"","cache_tags":"","is_siteroot":"0","mount_pid_ol":"0","fe_login_mode":"0","l18n_cfg":"0","backend_layout":"","backend_layout_next_level":"","tsconfig_includes":"","no_index":"0","no_follow":"0","nav_title":"","subtitle":"","seo_title":"","description":"","canonical_link":"","sitemap_changefreq":"","og_title":"","og_description":"","twitter_title":"","twitter_description":"","abstract":"","keywords":"","rowDescription":"","tx_impexp_origuid":"0","tx_styleguide_containsdemo":""}	0	0	0	0	1	6	31	31	1	DE Workflows / CLC / languageIndependentWorkflows	/extin2publish-core/de-11a-workflows-/-clc-/-languageindependentworkflows-page-properties-changed-1-1	1		0	0		0	0		0		0	0	\N	0		0	\N	0	1696405404	\N		0				0	0	0	0	0				0	0		0	0		\N	0		\N	0	summary		0.5		
18	3	1697544151	1696253425	1	0	0	0		2432	\N	0	2	16	16	{"starttime":"parent","endtime":"parent","nav_hide":"parent","url":"parent","lastUpdated":"parent","newUntil":"parent","no_search":"parent","shortcut":"parent","shortcut_mode":"parent","content_from_pid":"parent","author":"parent","author_email":"parent","media":"parent","og_image":"parent","twitter_image":"parent","no_search_sub_entries":"parent"}	{"doktype":"1","slug":"\\/extin2publish-core\\/11a-workflows-\\/-clc-\\/-languageindependentworkflows-page-properties-changed-1-1","hidden":"0","starttime":"0","endtime":"0","l10n_parent":"0","categories":"0","l10n_diffsource":"{\\"doktype\\":\\"\\",\\"title\\":\\"\\",\\"slug\\":\\"\\",\\"nav_title\\":\\"\\",\\"subtitle\\":\\"\\",\\"seo_title\\":\\"\\",\\"description\\":\\"\\",\\"no_index\\":\\"\\",\\"no_follow\\":\\"\\",\\"canonical_link\\":\\"\\",\\"sitemap_changefreq\\":\\"\\",\\"sitemap_priority\\":\\"\\",\\"og_title\\":\\"\\",\\"og_description\\":\\"\\",\\"og_image\\":\\"\\",\\"twitter_title\\":\\"\\",\\"twitter_description\\":\\"\\",\\"twitter_image\\":\\"\\",\\"twitter_card\\":\\"\\",\\"abstract\\":\\"\\",\\"keywords\\":\\"\\",\\"author\\":\\"\\",\\"author_email\\":\\"\\",\\"lastUpdated\\":\\"\\",\\"layout\\":\\"\\",\\"newUntil\\":\\"\\",\\"backend_layout\\":\\"\\",\\"backend_layout_next_level\\":\\"\\",\\"content_from_pid\\":\\"\\",\\"target\\":\\"\\",\\"cache_timeout\\":\\"\\",\\"cache_tags\\":\\"\\",\\"is_siteroot\\":\\"\\",\\"no_search\\":\\"\\",\\"no_search_sub_entries\\":\\"\\",\\"php_tree_stop\\":\\"\\",\\"module\\":\\"\\",\\"media\\":\\"\\",\\"tsconfig_includes\\":\\"\\",\\"TSconfig\\":\\"\\",\\"l18n_cfg\\":\\"\\",\\"hidden\\":\\"\\",\\"nav_hide\\":\\"\\",\\"starttime\\":\\"\\",\\"endtime\\":\\"\\",\\"extendToSubpages\\":\\"\\",\\"fe_group\\":\\"\\",\\"fe_login_mode\\":\\"\\",\\"editlock\\":\\"\\",\\"categories\\":\\"\\",\\"rowDescription\\":\\"\\"}","layout":"0","lastUpdated":"0","newUntil":"0","cache_timeout":"0","shortcut":"0","shortcut_mode":"0","content_from_pid":"0","mount_pid":"0","module":"","sitemap_priority":"0.5","twitter_card":"summary","t3_origuid":"13","sys_language_uid":"0","l10n_source":"0","title":"11 Workflows \\/ CLC \\/ languageIndependentWorkflows","nav_hide":"0","url":"","no_search":"0","author":"","author_email":"","media":"0","og_image":"0","twitter_image":"0","no_search_sub_entries":"0","TSconfig":"","php_tree_stop":"0","editlock":"0","fe_group":"","extendToSubpages":"0","target":"","cache_tags":"","is_siteroot":"0","mount_pid_ol":"0","fe_login_mode":"0","l18n_cfg":"0","backend_layout":"","backend_layout_next_level":"","tsconfig_includes":"","no_index":"0","no_follow":"0","nav_title":"","subtitle":"","seo_title":"","description":"","canonical_link":"","sitemap_changefreq":"","og_title":"","og_description":"","twitter_title":"","twitter_description":"","abstract":"","keywords":"","rowDescription":"","tx_impexp_origuid":"0","tx_styleguide_containsdemo":""}	0	0	0	0	1	0	31	27	0	JP 11c Workflows / CLC / languageIndependentWorkflows	/extin2publish-core/jp-11a-workflows-/-clc-/-languageindependentworkflows-page-properties-changed-1-1	1		0	0		0	0		0		0	0	\N	0		0	\N	0	1696405413	\N		0				0	0	0	0	0				0	0		0	0		\N	0		\N	0	summary		0.5		
19	3	1698046782	1696408735	0	0	0	0		4736		0	0	0	0	\N	{"doktype":"","title":"","slug":"","nav_title":"","subtitle":"","seo_title":"","description":"","no_index":"","no_follow":"","canonical_link":"","sitemap_changefreq":"","sitemap_priority":"","og_title":"","og_description":"","og_image":"","twitter_title":"","twitter_description":"","twitter_image":"","twitter_card":"","abstract":"","keywords":"","author":"","author_email":"","lastUpdated":"","layout":"","newUntil":"","backend_layout":"","backend_layout_next_level":"","content_from_pid":"","target":"","cache_timeout":"","cache_tags":"","is_siteroot":"","no_search":"","no_search_sub_entries":"","php_tree_stop":"","module":"","media":"","tsconfig_includes":"","TSconfig":"","l18n_cfg":"","hidden":"","nav_hide":"","starttime":"","endtime":"","extendToSubpages":"","fe_group":"","fe_login_mode":"","editlock":"","categories":"","rowDescription":""}	0	0	0	0	1	6	31	31	1	12a Workflows / TreeviewColors - Page properties	/extin2publish-core/12a-workflows-/-treeviewcolors-page-properties	1		0	0		0	0		0		0	0		0		0		0	1696408921			0				0	0	0	0	0				0	0		0	0			0			0	summary		0.5		
20	3	1698046782	1696408735	0	0	0	0		4736	\N	0	1	19	19	{"starttime":"parent","endtime":"parent","nav_hide":"parent","url":"parent","lastUpdated":"parent","newUntil":"parent","no_search":"parent","shortcut":"parent","shortcut_mode":"parent","content_from_pid":"parent","author":"parent","author_email":"parent","media":"parent","og_image":"parent","twitter_image":"parent","no_search_sub_entries":"parent"}	{"doktype":"1","slug":"\\/extin2publish-core\\/12a-workflows-\\/-treeviewcolors-page-properties","hidden":"0","starttime":"0","endtime":"0","l10n_parent":"0","categories":"0","l10n_diffsource":"{\\"doktype\\":\\"\\",\\"title\\":\\"\\",\\"slug\\":\\"\\",\\"nav_title\\":\\"\\",\\"subtitle\\":\\"\\",\\"seo_title\\":\\"\\",\\"description\\":\\"\\",\\"no_index\\":\\"\\",\\"no_follow\\":\\"\\",\\"canonical_link\\":\\"\\",\\"sitemap_changefreq\\":\\"\\",\\"sitemap_priority\\":\\"\\",\\"og_title\\":\\"\\",\\"og_description\\":\\"\\",\\"og_image\\":\\"\\",\\"twitter_title\\":\\"\\",\\"twitter_description\\":\\"\\",\\"twitter_image\\":\\"\\",\\"twitter_card\\":\\"\\",\\"abstract\\":\\"\\",\\"keywords\\":\\"\\",\\"author\\":\\"\\",\\"author_email\\":\\"\\",\\"lastUpdated\\":\\"\\",\\"layout\\":\\"\\",\\"newUntil\\":\\"\\",\\"backend_layout\\":\\"\\",\\"backend_layout_next_level\\":\\"\\",\\"content_from_pid\\":\\"\\",\\"target\\":\\"\\",\\"cache_timeout\\":\\"\\",\\"cache_tags\\":\\"\\",\\"is_siteroot\\":\\"\\",\\"no_search\\":\\"\\",\\"no_search_sub_entries\\":\\"\\",\\"php_tree_stop\\":\\"\\",\\"module\\":\\"\\",\\"media\\":\\"\\",\\"tsconfig_includes\\":\\"\\",\\"TSconfig\\":\\"\\",\\"l18n_cfg\\":\\"\\",\\"hidden\\":\\"\\",\\"nav_hide\\":\\"\\",\\"starttime\\":\\"\\",\\"endtime\\":\\"\\",\\"extendToSubpages\\":\\"\\",\\"fe_group\\":\\"\\",\\"fe_login_mode\\":\\"\\",\\"editlock\\":\\"\\",\\"categories\\":\\"\\",\\"rowDescription\\":\\"\\"}","layout":"0","lastUpdated":"0","newUntil":"0","cache_timeout":"0","shortcut":"0","shortcut_mode":"0","content_from_pid":"0","mount_pid":"0","module":"","sitemap_priority":"0.5","twitter_card":"summary","t3_origuid":"10","sys_language_uid":"0","l10n_source":"0","title":"12a Workflows \\/ TreeviewColors - Page properties","nav_hide":"0","url":"","no_search":"0","author":"","author_email":"","media":"0","og_image":"0","twitter_image":"0","no_search_sub_entries":"0","TSconfig":"","php_tree_stop":"0","editlock":"0","fe_group":"","extendToSubpages":"0","target":"","cache_tags":"","is_siteroot":"0","mount_pid_ol":"0","fe_login_mode":"0","l18n_cfg":"0","backend_layout":"","backend_layout_next_level":"","tsconfig_includes":"","no_index":"0","no_follow":"0","nav_title":"","subtitle":"","seo_title":"","description":"","canonical_link":"","sitemap_changefreq":"","og_title":"","og_description":"","twitter_title":"","twitter_description":"","abstract":"","keywords":"","rowDescription":"","tx_impexp_origuid":"0"}	0	0	0	0	1	6	31	31	1	DE 11a Workflows / TreeviewColors - Page properties - changed	/extin2publish-core/de-11a-workflows-/-clc-/-languageindependentworkflows-page-properties-changed-2	1		0	0		0	0		0		0	0	\N	0		0	\N	0	1696409458	\N		0				0	0	0	0	0				0	0		0	0		\N	0		\N	0	summary		0.5		
21	3	1698046782	1696408735	0	0	0	0		4736	\N	0	2	19	19	{"starttime":"parent","endtime":"parent","nav_hide":"parent","url":"parent","lastUpdated":"parent","newUntil":"parent","no_search":"parent","shortcut":"parent","shortcut_mode":"parent","content_from_pid":"parent","author":"parent","author_email":"parent","media":"parent","og_image":"parent","twitter_image":"parent","no_search_sub_entries":"parent"}	{"doktype":"1","slug":"\\/extin2publish-core\\/12a-workflows-\\/-treeviewcolors-page-properties","hidden":"0","starttime":"0","endtime":"0","l10n_parent":"0","categories":"0","l10n_diffsource":"{\\"doktype\\":\\"\\",\\"title\\":\\"\\",\\"slug\\":\\"\\",\\"nav_title\\":\\"\\",\\"subtitle\\":\\"\\",\\"seo_title\\":\\"\\",\\"description\\":\\"\\",\\"no_index\\":\\"\\",\\"no_follow\\":\\"\\",\\"canonical_link\\":\\"\\",\\"sitemap_changefreq\\":\\"\\",\\"sitemap_priority\\":\\"\\",\\"og_title\\":\\"\\",\\"og_description\\":\\"\\",\\"og_image\\":\\"\\",\\"twitter_title\\":\\"\\",\\"twitter_description\\":\\"\\",\\"twitter_image\\":\\"\\",\\"twitter_card\\":\\"\\",\\"abstract\\":\\"\\",\\"keywords\\":\\"\\",\\"author\\":\\"\\",\\"author_email\\":\\"\\",\\"lastUpdated\\":\\"\\",\\"layout\\":\\"\\",\\"newUntil\\":\\"\\",\\"backend_layout\\":\\"\\",\\"backend_layout_next_level\\":\\"\\",\\"content_from_pid\\":\\"\\",\\"target\\":\\"\\",\\"cache_timeout\\":\\"\\",\\"cache_tags\\":\\"\\",\\"is_siteroot\\":\\"\\",\\"no_search\\":\\"\\",\\"no_search_sub_entries\\":\\"\\",\\"php_tree_stop\\":\\"\\",\\"module\\":\\"\\",\\"media\\":\\"\\",\\"tsconfig_includes\\":\\"\\",\\"TSconfig\\":\\"\\",\\"l18n_cfg\\":\\"\\",\\"hidden\\":\\"\\",\\"nav_hide\\":\\"\\",\\"starttime\\":\\"\\",\\"endtime\\":\\"\\",\\"extendToSubpages\\":\\"\\",\\"fe_group\\":\\"\\",\\"fe_login_mode\\":\\"\\",\\"editlock\\":\\"\\",\\"categories\\":\\"\\",\\"rowDescription\\":\\"\\"}","layout":"0","lastUpdated":"0","newUntil":"0","cache_timeout":"0","shortcut":"0","shortcut_mode":"0","content_from_pid":"0","mount_pid":"0","module":"","sitemap_priority":"0.5","twitter_card":"summary","t3_origuid":"10","sys_language_uid":"0","l10n_source":"0","title":"12a Workflows \\/ TreeviewColors - Page properties","nav_hide":"0","url":"","no_search":"0","author":"","author_email":"","media":"0","og_image":"0","twitter_image":"0","no_search_sub_entries":"0","TSconfig":"","php_tree_stop":"0","editlock":"0","fe_group":"","extendToSubpages":"0","target":"","cache_tags":"","is_siteroot":"0","mount_pid_ol":"0","fe_login_mode":"0","l18n_cfg":"0","backend_layout":"","backend_layout_next_level":"","tsconfig_includes":"","no_index":"0","no_follow":"0","nav_title":"","subtitle":"","seo_title":"","description":"","canonical_link":"","sitemap_changefreq":"","og_title":"","og_description":"","twitter_title":"","twitter_description":"","abstract":"","keywords":"","rowDescription":"","tx_impexp_origuid":"0"}	0	0	0	0	1	6	31	31	1	JP 12a Workflows /TreeviewColorss- Page properties	/extin2publish-core/jp-11a-workflows-/-clc-/-languageindependentworkflows-page-properties-changed-2	1		0	0		0	0		0		0	0	\N	0		0	\N	0	1696409319	\N		0				0	0	0	0	0				0	0		0	0		\N	0		\N	0	summary		0.5		
22	3	1698046782	1696408834	0	0	0	0		6528		0	0	0	0	\N	{"doktype":"","title":"","slug":"","nav_title":"","subtitle":"","seo_title":"","description":"","no_index":"","no_follow":"","canonical_link":"","sitemap_changefreq":"","sitemap_priority":"","og_title":"","og_description":"","og_image":"","twitter_title":"","twitter_description":"","twitter_image":"","twitter_card":"","abstract":"","keywords":"","author":"","author_email":"","lastUpdated":"","layout":"","newUntil":"","backend_layout":"","backend_layout_next_level":"","content_from_pid":"","target":"","cache_timeout":"","cache_tags":"","is_siteroot":"","no_search":"","no_search_sub_entries":"","php_tree_stop":"","module":"","media":"","tsconfig_includes":"","TSconfig":"","l18n_cfg":"","hidden":"","nav_hide":"","starttime":"","endtime":"","extendToSubpages":"","fe_group":"","fe_login_mode":"","editlock":"","categories":"","rowDescription":""}	0	0	0	0	1	6	31	31	1	12b Workflows / TreeviewColors - Header changed	/extin2publish-core/12b-workflows-/-treeviewcolors-header-changed	1		0	0		0	0		0		0	0		0		0		0	1696408905			0				0	0	0	0	0				0	0		0	0			0			0	summary		0.5		
23	3	1698046782	1696408834	0	0	0	0		6528	\N	0	1	22	22	{"starttime":"parent","endtime":"parent","nav_hide":"parent","url":"parent","lastUpdated":"parent","newUntil":"parent","no_search":"parent","shortcut":"parent","shortcut_mode":"parent","content_from_pid":"parent","author":"parent","author_email":"parent","media":"parent","og_image":"parent","twitter_image":"parent","no_search_sub_entries":"parent"}	{"doktype":"1","slug":"\\/extin2publish-core\\/12b-workflows-\\/-treeviewcolors-header-changed","hidden":"0","starttime":"0","endtime":"0","l10n_parent":"0","categories":"0","l10n_diffsource":"{\\"doktype\\":\\"\\",\\"title\\":\\"\\",\\"slug\\":\\"\\",\\"nav_title\\":\\"\\",\\"subtitle\\":\\"\\",\\"seo_title\\":\\"\\",\\"description\\":\\"\\",\\"no_index\\":\\"\\",\\"no_follow\\":\\"\\",\\"canonical_link\\":\\"\\",\\"sitemap_changefreq\\":\\"\\",\\"sitemap_priority\\":\\"\\",\\"og_title\\":\\"\\",\\"og_description\\":\\"\\",\\"og_image\\":\\"\\",\\"twitter_title\\":\\"\\",\\"twitter_description\\":\\"\\",\\"twitter_image\\":\\"\\",\\"twitter_card\\":\\"\\",\\"abstract\\":\\"\\",\\"keywords\\":\\"\\",\\"author\\":\\"\\",\\"author_email\\":\\"\\",\\"lastUpdated\\":\\"\\",\\"layout\\":\\"\\",\\"newUntil\\":\\"\\",\\"backend_layout\\":\\"\\",\\"backend_layout_next_level\\":\\"\\",\\"content_from_pid\\":\\"\\",\\"target\\":\\"\\",\\"cache_timeout\\":\\"\\",\\"cache_tags\\":\\"\\",\\"is_siteroot\\":\\"\\",\\"no_search\\":\\"\\",\\"no_search_sub_entries\\":\\"\\",\\"php_tree_stop\\":\\"\\",\\"module\\":\\"\\",\\"media\\":\\"\\",\\"tsconfig_includes\\":\\"\\",\\"TSconfig\\":\\"\\",\\"l18n_cfg\\":\\"\\",\\"hidden\\":\\"\\",\\"nav_hide\\":\\"\\",\\"starttime\\":\\"\\",\\"endtime\\":\\"\\",\\"extendToSubpages\\":\\"\\",\\"fe_group\\":\\"\\",\\"fe_login_mode\\":\\"\\",\\"editlock\\":\\"\\",\\"categories\\":\\"\\",\\"rowDescription\\":\\"\\"}","layout":"0","lastUpdated":"0","newUntil":"0","cache_timeout":"0","shortcut":"0","shortcut_mode":"0","content_from_pid":"0","mount_pid":"0","module":"","sitemap_priority":"0.5","twitter_card":"summary","t3_origuid":"16","sys_language_uid":"0","l10n_source":"0","title":"12b Workflows \\/ TreeviewColors - Header changed","nav_hide":"0","url":"","no_search":"0","author":"","author_email":"","media":"0","og_image":"0","twitter_image":"0","no_search_sub_entries":"0","TSconfig":"","php_tree_stop":"0","editlock":"0","fe_group":"","extendToSubpages":"0","target":"","cache_tags":"","is_siteroot":"0","mount_pid_ol":"0","fe_login_mode":"0","l18n_cfg":"0","backend_layout":"","backend_layout_next_level":"","tsconfig_includes":"","no_index":"0","no_follow":"0","nav_title":"","subtitle":"","seo_title":"","description":"","canonical_link":"","sitemap_changefreq":"","og_title":"","og_description":"","twitter_title":"","twitter_description":"","abstract":"","keywords":"","rowDescription":"","tx_impexp_origuid":"0","tx_styleguide_containsdemo":""}	0	0	0	0	1	6	31	31	1	DE 12b Workflows / TreeviewColors - Header changed	/extin2publish-core/de-11a-workflows-/-clc-/-languageindependentworkflows-page-properties-changed-1-1-1	1		0	0		0	0		0		0	0	\N	0		0	\N	0	1696409469	\N		0				0	0	0	0	0				0	0		0	0		\N	0		\N	0	summary		0.5		
24	3	1698046782	1696408834	0	0	0	0		6528	\N	0	2	22	22	{"starttime":"parent","endtime":"parent","nav_hide":"parent","url":"parent","lastUpdated":"parent","newUntil":"parent","no_search":"parent","shortcut":"parent","shortcut_mode":"parent","content_from_pid":"parent","author":"parent","author_email":"parent","media":"parent","og_image":"parent","twitter_image":"parent","no_search_sub_entries":"parent"}	{"doktype":"1","slug":"\\/extin2publish-core\\/12b-workflows-\\/-treeviewcolors-header-changed","hidden":"0","starttime":"0","endtime":"0","l10n_parent":"0","categories":"0","l10n_diffsource":"{\\"doktype\\":\\"\\",\\"title\\":\\"\\",\\"slug\\":\\"\\",\\"nav_title\\":\\"\\",\\"subtitle\\":\\"\\",\\"seo_title\\":\\"\\",\\"description\\":\\"\\",\\"no_index\\":\\"\\",\\"no_follow\\":\\"\\",\\"canonical_link\\":\\"\\",\\"sitemap_changefreq\\":\\"\\",\\"sitemap_priority\\":\\"\\",\\"og_title\\":\\"\\",\\"og_description\\":\\"\\",\\"og_image\\":\\"\\",\\"twitter_title\\":\\"\\",\\"twitter_description\\":\\"\\",\\"twitter_image\\":\\"\\",\\"twitter_card\\":\\"\\",\\"abstract\\":\\"\\",\\"keywords\\":\\"\\",\\"author\\":\\"\\",\\"author_email\\":\\"\\",\\"lastUpdated\\":\\"\\",\\"layout\\":\\"\\",\\"newUntil\\":\\"\\",\\"backend_layout\\":\\"\\",\\"backend_layout_next_level\\":\\"\\",\\"content_from_pid\\":\\"\\",\\"target\\":\\"\\",\\"cache_timeout\\":\\"\\",\\"cache_tags\\":\\"\\",\\"is_siteroot\\":\\"\\",\\"no_search\\":\\"\\",\\"no_search_sub_entries\\":\\"\\",\\"php_tree_stop\\":\\"\\",\\"module\\":\\"\\",\\"media\\":\\"\\",\\"tsconfig_includes\\":\\"\\",\\"TSconfig\\":\\"\\",\\"l18n_cfg\\":\\"\\",\\"hidden\\":\\"\\",\\"nav_hide\\":\\"\\",\\"starttime\\":\\"\\",\\"endtime\\":\\"\\",\\"extendToSubpages\\":\\"\\",\\"fe_group\\":\\"\\",\\"fe_login_mode\\":\\"\\",\\"editlock\\":\\"\\",\\"categories\\":\\"\\",\\"rowDescription\\":\\"\\"}","layout":"0","lastUpdated":"0","newUntil":"0","cache_timeout":"0","shortcut":"0","shortcut_mode":"0","content_from_pid":"0","mount_pid":"0","module":"","sitemap_priority":"0.5","twitter_card":"summary","t3_origuid":"16","sys_language_uid":"0","l10n_source":"0","title":"12b Workflows \\/ TreeviewColors - Header changed","nav_hide":"0","url":"","no_search":"0","author":"","author_email":"","media":"0","og_image":"0","twitter_image":"0","no_search_sub_entries":"0","TSconfig":"","php_tree_stop":"0","editlock":"0","fe_group":"","extendToSubpages":"0","target":"","cache_tags":"","is_siteroot":"0","mount_pid_ol":"0","fe_login_mode":"0","l18n_cfg":"0","backend_layout":"","backend_layout_next_level":"","tsconfig_includes":"","no_index":"0","no_follow":"0","nav_title":"","subtitle":"","seo_title":"","description":"","canonical_link":"","sitemap_changefreq":"","og_title":"","og_description":"","twitter_title":"","twitter_description":"","abstract":"","keywords":"","rowDescription":"","tx_impexp_origuid":"0","tx_styleguide_containsdemo":""}	0	0	0	0	1	6	31	31	1	JP 12b Workflows / TreeviewColors - Header changed	/extin2publish-core/jp-11a-workflows-/-clc-/-languageindependentworkflows-page-properties-changed-1-1-1	1		0	0		0	0		0		0	0	\N	0		0	\N	0	1696409356	\N		0				0	0	0	0	0				0	0		0	0		\N	0		\N	0	summary		0.5		
25	3	1698046782	1696432486	0	0	0	0		6784		0	0	0	0	\N	{"doktype":"","title":"","slug":"","nav_title":"","subtitle":"","seo_title":"","description":"","no_index":"","no_follow":"","canonical_link":"","sitemap_changefreq":"","sitemap_priority":"","og_title":"","og_description":"","og_image":"","twitter_title":"","twitter_description":"","twitter_image":"","twitter_card":"","abstract":"","keywords":"","author":"","author_email":"","lastUpdated":"","layout":"","newUntil":"","backend_layout":"","backend_layout_next_level":"","content_from_pid":"","target":"","cache_timeout":"","cache_tags":"","is_siteroot":"","no_search":"","no_search_sub_entries":"","php_tree_stop":"","module":"","media":"","tsconfig_includes":"","TSconfig":"","l18n_cfg":"","hidden":"","nav_hide":"","starttime":"","endtime":"","extendToSubpages":"","fe_group":"","fe_login_mode":"","editlock":"","categories":"","rowDescription":""}	0	0	0	0	1	6	31	31	1	13a SolrIntegration	/extin2publish-core/12b-workflows-/-treeviewcolors-header-changed/13-solrintegration	1		0	0		0	0		0		0	0		0		0		0	1696489180			0				0	0	0	0	0				0	0		0	0			0			0	summary		0.5		
26	3	1698046782	1696487830	0	0	0	0		7040		0	0	0	0	\N	{"hidden":""}	0	0	0	0	1	6	31	31	1	News Folder	/news-folder	254		0	0		0	0		0		0	0		0		0		0	0			0				0	0	0	0	0				0	0		0	0			0			0	summary		0.5		
27	4	1698046773	1696836589	0	0	0	0		384		0	0	0	0	\N		0	0	0	0	1	9	31	27	1	4 PageTree depth	/extin2publish/4-pagetree-depth	1		0	0		0	0		0		0	0		0		0		0	0			0				0	0	0	0	0				0	0		0	0			0			0	summary		0.5		
28	27	1698046773	1696836625	0	0	0	0		256		0	0	0	0	\N	{"doktype":"","title":"","slug":"","nav_title":"","subtitle":"","seo_title":"","description":"","no_index":"","no_follow":"","canonical_link":"","sitemap_changefreq":"","sitemap_priority":"","og_title":"","og_description":"","og_image":"","twitter_title":"","twitter_description":"","twitter_image":"","twitter_card":"","abstract":"","keywords":"","author":"","author_email":"","lastUpdated":"","layout":"","newUntil":"","backend_layout":"","backend_layout_next_level":"","content_from_pid":"","target":"","cache_timeout":"","cache_tags":"","is_siteroot":"","no_search":"","no_search_sub_entries":"","php_tree_stop":"","module":"","media":"","tsconfig_includes":"","TSconfig":"","l18n_cfg":"","hidden":"","nav_hide":"","starttime":"","endtime":"","extendToSubpages":"","fe_group":"","fe_login_mode":"","editlock":"","categories":"","rowDescription":""}	0	0	0	0	1	9	31	27	1	4.1 Subpage - Level 1	/extin2publish/4-pagetree-depth/41-subpage	1		0	0		0	0		0		0	0		0		0		0	0			0				0	0	0	0	0				0	0		0	0			0			0	summary		0.5		
29	28	1698046773	1696836641	0	0	0	0		256		0	0	0	0	\N	{"doktype":"","title":"","slug":"","nav_title":"","subtitle":"","seo_title":"","description":"","no_index":"","no_follow":"","canonical_link":"","sitemap_changefreq":"","sitemap_priority":"","og_title":"","og_description":"","og_image":"","twitter_title":"","twitter_description":"","twitter_image":"","twitter_card":"","abstract":"","keywords":"","author":"","author_email":"","lastUpdated":"","layout":"","newUntil":"","backend_layout":"","backend_layout_next_level":"","content_from_pid":"","target":"","cache_timeout":"","cache_tags":"","is_siteroot":"","no_search":"","no_search_sub_entries":"","php_tree_stop":"","module":"","media":"","tsconfig_includes":"","TSconfig":"","l18n_cfg":"","hidden":"","nav_hide":"","starttime":"","endtime":"","extendToSubpages":"","fe_group":"","fe_login_mode":"","editlock":"","categories":"","rowDescription":""}	0	0	0	0	1	9	31	27	1	4.1.1 Subpage - Level 2	/extin2publish/4-pagetree-depth/41-subpage/411-subpage	1		0	0		0	0		0		0	0		0		0		0	0			0				0	0	0	0	0				0	0		0	0			0			0	summary		0.5		
30	29	1698046773	1696836661	0	0	0	0		256		0	0	0	0	\N	{"doktype":"","title":"","slug":"","nav_title":"","subtitle":"","seo_title":"","description":"","no_index":"","no_follow":"","canonical_link":"","sitemap_changefreq":"","sitemap_priority":"","og_title":"","og_description":"","og_image":"","twitter_title":"","twitter_description":"","twitter_image":"","twitter_card":"","abstract":"","keywords":"","author":"","author_email":"","lastUpdated":"","layout":"","newUntil":"","backend_layout":"","backend_layout_next_level":"","content_from_pid":"","target":"","cache_timeout":"","cache_tags":"","is_siteroot":"","no_search":"","no_search_sub_entries":"","php_tree_stop":"","module":"","media":"","tsconfig_includes":"","TSconfig":"","l18n_cfg":"","hidden":"","nav_hide":"","starttime":"","endtime":"","extendToSubpages":"","fe_group":"","fe_login_mode":"","editlock":"","categories":"","rowDescription":""}	0	0	0	0	1	9	31	27	1	4.1.1.1 Subpage - Level 4	/extin2publish/4-pagetree-depth/41-subpage/411-subpage/4111-subpage-level-4	1		0	0		0	0		0		0	0		0		0		0	0			0				0	0	0	0	0				0	0		0	0			0			0	summary		0.5		
31	30	1698046773	1696836689	0	0	0	0		256		0	0	0	0	\N	{"slug":""}	0	0	0	0	1	9	31	27	1	4.1.1.1.1 Subpage - Level 5	/extin2publish/4-pagetree-depth/41-subpage/411-subpage/4111-subpage-level-4/41111-subpage	1		0	0		0	0		0		0	0		0		0		0	1696836795			0				0	0	0	0	0				0	0		0	0			0			0	summary		0.5		
32	31	1698046773	1696836780	0	0	0	0		256		0	0	0	0	\N	{"slug":""}	0	0	0	0	1	9	31	27	1	Subpage - Level 5	/extin2publish/4-pagetree-depth/41-subpage/411-subpage/4111-subpage-level-4/41111-subpage/subpage-level-5	1		0	0		0	0		0		0	0		0		0		0	0			0				0	0	0	0	0				0	0		0	0			0			0	summary		0.5		
33	1	1697024852	1697023506	0	0	0	0		536		0	0	0	0	\N	{"hidden":""}	0	0	0	0	1	0	31	27	0	News Folder	/extin2publish/default-d644ce19a7fcaff4a29e6944d0a1e4ef	254		0	0		0	0		0		0	0		0		0		0	0			0				0	0	0	0	0				0	0		0	0			0			0	summary		0.5		
34	3	1698046782	1697114203	0	0	0	0	0	256	\N	0	0	0	0	\N	{"hidden":""}	0	0	0	0	1	6	31	31	1	5c Workflows - Unfulfilled Dependencies	/extin2publish-core/5c-workflows-unfulfilled-dependencies	1	\N	0	0		0	0		0		0	0	\N	0		0	\N	0	0	\N		0				0	0	0	0	0			\N	0	0		0	0		\N	0		\N	0	summary		0.5		
35	34	1698046782	1697114556	0	0	0	0	0	256	\N	0	0	0	0	\N	{"hidden":""}	0	0	0	0	1	6	31	31	1	5c.1 Parent not published	/extin2publish-core/5c-workflows-unfulfilled-dependencies/5c1-parent-not-published	1	\N	0	0		0	0		0		0	0	\N	0		0	\N	0	1698046461	\N		0				0	0	0	0	0			\N	0	0		0	0		\N	0		\N	0	summary		0.5		
36	35	1698142763	1697114581	0	0	0	0	0	64	\N	0	0	0	0	\N	{"hidden":""}	0	0	0	0	1	6	31	31	1	5c.1.1 Child Ready to Publish	/extin2publish-core/5c-workflows-unfulfilled-dependencies/5c1-parent-not-published/5c11-child-ready-to-publish	1	\N	0	0		0	0		0		0	0	\N	0		0	\N	0	1698046461	\N		0				0	0	0	0	0			\N	0	0		0	0		\N	0		\N	0	summary		0.5		
37	34	1698046782	1697114704	0	0	0	0		512		0	0	0	0	\N		0	0	0	0	1	6	31	31	1	5c.2 Parent published	/extin2publish-core/5c-workflows-unfulfilled-dependencies/5c2-parent-published	1		0	0		0	0		0		0	0		0		0		0	0			0				0	0	0	0	0				0	0		0	0			0			0	summary		0.5		
38	37	1698235929	1697114763	0	0	0	0		256	\N	0	0	0	0	\N	{"title":""}	0	0	0	0	1	6	31	31	1	5c.2.1 Child Ready To Publish	/extin2publish-core/5c-workflows-unfulfilled-dependencies/5c2-parent-published/5c21-child-read-to-publish	1	\N	0	0		0	0		0		0	0	\N	0		0	\N	0	1697114800	\N		0				0	0	0	0	0			\N	0	0		0	0		\N	0		\N	0	summary		0.5		
39	1	1697536456	1697119823	0	0	0	0		20		0	0	0	0	\N	{"doktype":"","title":"","slug":"","nav_title":"","subtitle":"","seo_title":"","description":"","no_index":"","no_follow":"","canonical_link":"","sitemap_changefreq":"","sitemap_priority":"","og_title":"","og_description":"","og_image":"","twitter_title":"","twitter_description":"","twitter_image":"","twitter_card":"","abstract":"","keywords":"","author":"","author_email":"","lastUpdated":"","layout":"","newUntil":"","backend_layout":"","backend_layout_next_level":"","content_from_pid":"","target":"","cache_timeout":"","cache_tags":"","is_siteroot":"","no_search":"","no_search_sub_entries":"","php_tree_stop":"","module":"","media":"","tsconfig_includes":"","TSconfig":"","l18n_cfg":"","hidden":"","nav_hide":"","starttime":"","endtime":"","extendToSubpages":"","fe_group":"","fe_login_mode":"","editlock":"","categories":"","rowDescription":""}	0	0	0	0	1	0	31	27	0	8 HideRecordsDeletedDifferently	/8-hiderecordsdeleteddifferently	1		0	0		0	0	There are two deleted subpages, which should only be visible in the PublishOverview if the setting treatRemovedAndDeletedAsDifference=true	0		0	0		0		0		0	1697119835			0				0	0	0	0	0				0	0		0	0			0			0	summary		0.5		
41	39	1697120020	1697119896	1	0	0	0		512		0	0	0	0	\N	{"hidden":""}	0	0	0	0	1	0	31	27	0	8.2 Page permanently deleted on foreign	/extin2publish/8-treatremovedanddeletedasdifference/82-page-permanently-deleted-on-foreign	1		0	0		0	0		0		0	0		0		0		0	0			0				0	0	0	0	0				0	0		0	0			0			0	summary		0.5		
42	16	1698046782	1697543530	0	0	0	1690899120		256		0	0	0	0	\N	{"doktype":"","title":"","slug":"","nav_title":"","subtitle":"","seo_title":"","description":"","no_index":"","no_follow":"","canonical_link":"","sitemap_changefreq":"","sitemap_priority":"","og_title":"","og_description":"","og_image":"","twitter_title":"","twitter_description":"","twitter_image":"","twitter_card":"","abstract":"","keywords":"","author":"","author_email":"","lastUpdated":"","layout":"","newUntil":"","backend_layout":"","backend_layout_next_level":"","content_from_pid":"","target":"","cache_timeout":"","cache_tags":"","is_siteroot":"","no_search":"","no_search_sub_entries":"","php_tree_stop":"","module":"","media":"","tsconfig_includes":"","TSconfig":"","l18n_cfg":"","hidden":"","nav_hide":"","starttime":"","endtime":"","extendToSubpages":"","fe_group":"","fe_login_mode":"","editlock":"","categories":"","rowDescription":""}	0	0	0	0	1	6	31	31	1	11d Page with expired endtime	/extin2publish-core/11a-workflows-/-clc-/-languageindependentworkflows-page-properties-changed-1-1/11a	1		0	0		0	0		0		0	0		0		0		0	0			0				0	0	0	0	0				0	0		0	0			0			0	summary		0.5		
43	16	1698046782	1697543541	0	0	0	0		128		0	0	0	0	\N	{"doktype":"","title":"","slug":"","nav_title":"","subtitle":"","seo_title":"","description":"","no_index":"","no_follow":"","canonical_link":"","sitemap_changefreq":"","sitemap_priority":"","og_title":"","og_description":"","og_image":"","twitter_title":"","twitter_description":"","twitter_image":"","twitter_card":"","abstract":"","keywords":"","author":"","author_email":"","lastUpdated":"","layout":"","newUntil":"","backend_layout":"","backend_layout_next_level":"","content_from_pid":"","target":"","cache_timeout":"","cache_tags":"","is_siteroot":"","no_search":"","no_search_sub_entries":"","php_tree_stop":"","module":"","media":"","tsconfig_includes":"","TSconfig":"","l18n_cfg":"","hidden":"","nav_hide":"","starttime":"","endtime":"","extendToSubpages":"","fe_group":"","fe_login_mode":"","editlock":"","categories":"","rowDescription":""}	0	0	0	0	1	6	31	31	1	11c Content disabled	/extin2publish-core/11a-workflows-/-clc-/-languageindependentworkflows-page-properties-changed-1-1/11b	1		0	0		0	0		0		0	0		0		0		0	0			0				0	0	0	0	0				0	0		0	0			0			0	summary		0.5		
44	16	1698046782	1697543555	0	0	0	0		64		0	0	0	0	\N	{"hidden":""}	0	0	0	0	1	6	31	31	1	11b Content translated in ConnectedMode	/extin2publish-core/11a-workflows-/-clc-/-languageindependentworkflows-page-properties-changed-1-1/11a-1	1		0	0		0	0		0		0	0		0		0		0	0			0				0	0	0	0	0				0	0		0	0			0			0	summary		0.5		
45	16	1698046782	1697543570	0	0	0	0		32		0	0	0	0	\N	{"doktype":"","title":"","slug":"","nav_title":"","subtitle":"","seo_title":"","description":"","no_index":"","no_follow":"","canonical_link":"","sitemap_changefreq":"","sitemap_priority":"","og_title":"","og_description":"","og_image":"","twitter_title":"","twitter_description":"","twitter_image":"","twitter_card":"","abstract":"","keywords":"","author":"","author_email":"","lastUpdated":"","layout":"","newUntil":"","backend_layout":"","backend_layout_next_level":"","content_from_pid":"","target":"","cache_timeout":"","cache_tags":"","is_siteroot":"","no_search":"","no_search_sub_entries":"","php_tree_stop":"","module":"","media":"","tsconfig_includes":"","TSconfig":"","l18n_cfg":"","hidden":"","nav_hide":"","starttime":"","endtime":"","extendToSubpages":"","fe_group":"","fe_login_mode":"","editlock":"","categories":"","rowDescription":""}	0	0	0	0	1	6	31	31	1	11a Content translated in FreeMode	/extin2publish-core/11a-workflows-/-clc-/-languageindependentworkflows-page-properties-changed-1-1/11a-2	1		0	0		0	0		0		0	0		0		0		0	1698046782			0				0	0	0	0	0				0	0		0	0			0			0	summary		0.5		
46	16	1698225400	1697543638	0	0	0	0		32	\N	0	1	45	45	{"starttime":"parent","endtime":"parent","nav_hide":"parent","url":"parent","lastUpdated":"parent","newUntil":"parent","no_search":"parent","shortcut":"parent","shortcut_mode":"parent","content_from_pid":"parent","author":"parent","author_email":"parent","media":"parent","og_image":"parent","twitter_image":"parent","no_search_sub_entries":"parent"}	{"doktype":"1","slug":"\\/extin2publish-core\\/11a-workflows-\\/-clc-\\/-languageindependentworkflows-page-properties-changed-1-1\\/11a-2","hidden":"0","starttime":"0","endtime":"0","l10n_parent":"0","categories":"0","l10n_diffsource":"","layout":"0","lastUpdated":"0","newUntil":"0","cache_timeout":"0","shortcut":"0","shortcut_mode":"0","content_from_pid":"0","mount_pid":"0","module":"","sitemap_priority":"0.5","twitter_card":"summary","t3_origuid":"0","sys_language_uid":"0","l10n_source":"0","title":"11a Content translated in FreeMode","nav_hide":"0","url":"","no_search":"0","author":"","author_email":"","media":"0","og_image":"0","twitter_image":"0","no_search_sub_entries":"0","TSconfig":"","php_tree_stop":"0","editlock":"0","fe_group":"","extendToSubpages":"0","target":"","cache_tags":"","is_siteroot":"0","mount_pid_ol":"0","fe_login_mode":"0","l18n_cfg":"0","backend_layout":"","backend_layout_next_level":"","tsconfig_includes":"","no_index":"0","no_follow":"0","nav_title":"","subtitle":"","seo_title":"","description":"","canonical_link":"","sitemap_changefreq":"","og_title":"","og_description":"","twitter_title":"","twitter_description":"","abstract":"","keywords":"","rowDescription":""}	0	0	0	0	1	6	31	31	1	DE 11a Content translated in FreeMode	/extin2publish-core/de-11a-workflows-/-clc-/-languageindependentworkflows-page-properties-changed-1-1/translate-to-german-11a	1		0	0		0	0		0		0	0	\N	0		0	\N	0	0	\N		0				0	0	0	0	0				0	0		0	0		\N	0		\N	0	summary		0.5		
48	16	1698046782	1697544018	0	0	0	0		64	\N	0	1	44	44	{"starttime":"parent","endtime":"parent","nav_hide":"parent","url":"parent","lastUpdated":"parent","newUntil":"parent","no_search":"parent","shortcut":"parent","shortcut_mode":"parent","content_from_pid":"parent","author":"parent","author_email":"parent","media":"parent","og_image":"parent","twitter_image":"parent","no_search_sub_entries":"parent"}	{"doktype":"1","slug":"\\/extin2publish-core\\/11a-workflows-\\/-clc-\\/-languageindependentworkflows-page-properties-changed-1-1\\/11a-1","hidden":"1","starttime":"0","endtime":"0","l10n_parent":"0","categories":"0","l10n_diffsource":"{\\"doktype\\":\\"\\",\\"title\\":\\"\\",\\"slug\\":\\"\\",\\"nav_title\\":\\"\\",\\"subtitle\\":\\"\\",\\"seo_title\\":\\"\\",\\"description\\":\\"\\",\\"no_index\\":\\"\\",\\"no_follow\\":\\"\\",\\"canonical_link\\":\\"\\",\\"sitemap_changefreq\\":\\"\\",\\"sitemap_priority\\":\\"\\",\\"og_title\\":\\"\\",\\"og_description\\":\\"\\",\\"og_image\\":\\"\\",\\"twitter_title\\":\\"\\",\\"twitter_description\\":\\"\\",\\"twitter_image\\":\\"\\",\\"twitter_card\\":\\"\\",\\"abstract\\":\\"\\",\\"keywords\\":\\"\\",\\"author\\":\\"\\",\\"author_email\\":\\"\\",\\"lastUpdated\\":\\"\\",\\"layout\\":\\"\\",\\"newUntil\\":\\"\\",\\"backend_layout\\":\\"\\",\\"backend_layout_next_level\\":\\"\\",\\"content_from_pid\\":\\"\\",\\"target\\":\\"\\",\\"cache_timeout\\":\\"\\",\\"cache_tags\\":\\"\\",\\"is_siteroot\\":\\"\\",\\"no_search\\":\\"\\",\\"no_search_sub_entries\\":\\"\\",\\"php_tree_stop\\":\\"\\",\\"module\\":\\"\\",\\"media\\":\\"\\",\\"tsconfig_includes\\":\\"\\",\\"TSconfig\\":\\"\\",\\"l18n_cfg\\":\\"\\",\\"hidden\\":\\"\\",\\"nav_hide\\":\\"\\",\\"starttime\\":\\"\\",\\"endtime\\":\\"\\",\\"extendToSubpages\\":\\"\\",\\"fe_group\\":\\"\\",\\"fe_login_mode\\":\\"\\",\\"editlock\\":\\"\\",\\"categories\\":\\"\\",\\"rowDescription\\":\\"\\"}","layout":"0","lastUpdated":"0","newUntil":"0","cache_timeout":"0","shortcut":"0","shortcut_mode":"0","content_from_pid":"0","mount_pid":"0","module":"","sitemap_priority":"0.5","twitter_card":"summary","t3_origuid":"0","sys_language_uid":"0","l10n_source":"0","title":"11b Content translated in ConnectedMode","nav_hide":"0","url":"","no_search":"0","author":"","author_email":"","media":"0","og_image":"0","twitter_image":"0","no_search_sub_entries":"0","TSconfig":"","php_tree_stop":"0","editlock":"0","fe_group":"","extendToSubpages":"0","target":"","cache_tags":"","is_siteroot":"0","mount_pid_ol":"0","fe_login_mode":"0","l18n_cfg":"0","backend_layout":"","backend_layout_next_level":"","tsconfig_includes":"","no_index":"0","no_follow":"0","nav_title":"","subtitle":"","seo_title":"","description":"","canonical_link":"","sitemap_changefreq":"","og_title":"","og_description":"","twitter_title":"","twitter_description":"","abstract":"","keywords":"","rowDescription":""}	0	0	0	0	1	6	31	31	1	DE 11b Content translated in ConnectedMode	/extin2publish-core/de-11a-workflows-/-clc-/-languageindependentworkflows-page-properties-changed-1-1/translate-to-german-11b-content-translated-in-connectedmode	1		0	0		0	0		0		0	0	\N	0		0	\N	0	0	\N		0				0	0	0	0	0				0	0		0	0		\N	0		\N	0	summary		0.5		
49	16	1698046782	1697544258	0	0	0	0		128	\N	0	1	43	43	{"starttime":"parent","endtime":"parent","nav_hide":"parent","url":"parent","lastUpdated":"parent","newUntil":"parent","no_search":"parent","shortcut":"parent","shortcut_mode":"parent","content_from_pid":"parent","author":"parent","author_email":"parent","media":"parent","og_image":"parent","twitter_image":"parent","no_search_sub_entries":"parent"}	{"doktype":"1","slug":"\\/extin2publish-core\\/11a-workflows-\\/-clc-\\/-languageindependentworkflows-page-properties-changed-1-1\\/11b","hidden":"0","starttime":"0","endtime":"0","l10n_parent":"0","categories":"0","l10n_diffsource":"{\\"doktype\\":\\"\\",\\"title\\":\\"\\",\\"slug\\":\\"\\",\\"nav_title\\":\\"\\",\\"subtitle\\":\\"\\",\\"seo_title\\":\\"\\",\\"description\\":\\"\\",\\"no_index\\":\\"\\",\\"no_follow\\":\\"\\",\\"canonical_link\\":\\"\\",\\"sitemap_changefreq\\":\\"\\",\\"sitemap_priority\\":\\"\\",\\"og_title\\":\\"\\",\\"og_description\\":\\"\\",\\"og_image\\":\\"\\",\\"twitter_title\\":\\"\\",\\"twitter_description\\":\\"\\",\\"twitter_image\\":\\"\\",\\"twitter_card\\":\\"\\",\\"abstract\\":\\"\\",\\"keywords\\":\\"\\",\\"author\\":\\"\\",\\"author_email\\":\\"\\",\\"lastUpdated\\":\\"\\",\\"layout\\":\\"\\",\\"newUntil\\":\\"\\",\\"backend_layout\\":\\"\\",\\"backend_layout_next_level\\":\\"\\",\\"content_from_pid\\":\\"\\",\\"target\\":\\"\\",\\"cache_timeout\\":\\"\\",\\"cache_tags\\":\\"\\",\\"is_siteroot\\":\\"\\",\\"no_search\\":\\"\\",\\"no_search_sub_entries\\":\\"\\",\\"php_tree_stop\\":\\"\\",\\"module\\":\\"\\",\\"media\\":\\"\\",\\"tsconfig_includes\\":\\"\\",\\"TSconfig\\":\\"\\",\\"l18n_cfg\\":\\"\\",\\"hidden\\":\\"\\",\\"nav_hide\\":\\"\\",\\"starttime\\":\\"\\",\\"endtime\\":\\"\\",\\"extendToSubpages\\":\\"\\",\\"fe_group\\":\\"\\",\\"fe_login_mode\\":\\"\\",\\"editlock\\":\\"\\",\\"categories\\":\\"\\",\\"rowDescription\\":\\"\\"}","layout":"0","lastUpdated":"0","newUntil":"0","cache_timeout":"0","shortcut":"0","shortcut_mode":"0","content_from_pid":"0","mount_pid":"0","module":"","sitemap_priority":"0.5","twitter_card":"summary","t3_origuid":"0","sys_language_uid":"0","l10n_source":"0","title":"11c Content disabled","nav_hide":"0","url":"","no_search":"0","author":"","author_email":"","media":"0","og_image":"0","twitter_image":"0","no_search_sub_entries":"0","TSconfig":"","php_tree_stop":"0","editlock":"0","fe_group":"","extendToSubpages":"0","target":"","cache_tags":"","is_siteroot":"0","mount_pid_ol":"0","fe_login_mode":"0","l18n_cfg":"0","backend_layout":"","backend_layout_next_level":"","tsconfig_includes":"","no_index":"0","no_follow":"0","nav_title":"","subtitle":"","seo_title":"","description":"","canonical_link":"","sitemap_changefreq":"","og_title":"","og_description":"","twitter_title":"","twitter_description":"","abstract":"","keywords":"","rowDescription":""}	0	0	0	0	1	6	31	31	1	11c Content disabled DE	/extin2publish-core/de-11a-workflows-/-clc-/-languageindependentworkflows-page-properties-changed-1-1/translate-to-german-11c-content-disabled	1		0	0		0	0		0		0	0	\N	0		0	\N	0	0	\N		0				0	0	0	0	0				0	0		0	0		\N	0		\N	0	summary		0.5		
50	16	1698229319	1697544431	0	0	1696162860	0		256	\N	0	1	42	42	{"starttime":"custom","endtime":"custom","nav_hide":"parent","url":"parent","lastUpdated":"parent","newUntil":"parent","no_search":"parent","shortcut":"parent","shortcut_mode":"parent","content_from_pid":"parent","author":"parent","author_email":"parent","media":"parent","og_image":"parent","twitter_image":"parent","no_search_sub_entries":"parent"}	{"doktype":"1","slug":"\\/extin2publish-core\\/11a-workflows-\\/-clc-\\/-languageindependentworkflows-page-properties-changed-1-1\\/11a","hidden":"0","starttime":"0","endtime":"1690899120","l10n_parent":"0","categories":"0","l10n_diffsource":"{\\"doktype\\":\\"\\",\\"title\\":\\"\\",\\"slug\\":\\"\\",\\"nav_title\\":\\"\\",\\"subtitle\\":\\"\\",\\"seo_title\\":\\"\\",\\"description\\":\\"\\",\\"no_index\\":\\"\\",\\"no_follow\\":\\"\\",\\"canonical_link\\":\\"\\",\\"sitemap_changefreq\\":\\"\\",\\"sitemap_priority\\":\\"\\",\\"og_title\\":\\"\\",\\"og_description\\":\\"\\",\\"og_image\\":\\"\\",\\"twitter_title\\":\\"\\",\\"twitter_description\\":\\"\\",\\"twitter_image\\":\\"\\",\\"twitter_card\\":\\"\\",\\"abstract\\":\\"\\",\\"keywords\\":\\"\\",\\"author\\":\\"\\",\\"author_email\\":\\"\\",\\"lastUpdated\\":\\"\\",\\"layout\\":\\"\\",\\"newUntil\\":\\"\\",\\"backend_layout\\":\\"\\",\\"backend_layout_next_level\\":\\"\\",\\"content_from_pid\\":\\"\\",\\"target\\":\\"\\",\\"cache_timeout\\":\\"\\",\\"cache_tags\\":\\"\\",\\"is_siteroot\\":\\"\\",\\"no_search\\":\\"\\",\\"no_search_sub_entries\\":\\"\\",\\"php_tree_stop\\":\\"\\",\\"module\\":\\"\\",\\"media\\":\\"\\",\\"tsconfig_includes\\":\\"\\",\\"TSconfig\\":\\"\\",\\"l18n_cfg\\":\\"\\",\\"hidden\\":\\"\\",\\"nav_hide\\":\\"\\",\\"starttime\\":\\"\\",\\"endtime\\":\\"\\",\\"extendToSubpages\\":\\"\\",\\"fe_group\\":\\"\\",\\"fe_login_mode\\":\\"\\",\\"editlock\\":\\"\\",\\"categories\\":\\"\\",\\"rowDescription\\":\\"\\"}","layout":"0","lastUpdated":"0","newUntil":"0","cache_timeout":"0","shortcut":"0","shortcut_mode":"0","content_from_pid":"0","mount_pid":"0","module":"","sitemap_priority":"0.5","twitter_card":"summary","t3_origuid":"0","sys_language_uid":"0","l10n_source":"0","title":"11d Page with expired endtime","nav_hide":"0","url":"","no_search":"0","author":"","author_email":"","media":"0","og_image":"0","twitter_image":"0","no_search_sub_entries":"0","TSconfig":"","php_tree_stop":"0","editlock":"0","fe_group":"","extendToSubpages":"0","target":"","cache_tags":"","is_siteroot":"0","mount_pid_ol":"0","fe_login_mode":"0","l18n_cfg":"0","backend_layout":"","backend_layout_next_level":"","tsconfig_includes":"","no_index":"0","no_follow":"0","nav_title":"","subtitle":"","seo_title":"","description":"","canonical_link":"","sitemap_changefreq":"","og_title":"","og_description":"","twitter_title":"","twitter_description":"","abstract":"","keywords":"","rowDescription":""}	0	0	0	0	1	6	31	31	1	11d Page with starttime DE	/extin2publish-core/de-11a-workflows-/-clc-/-languageindependentworkflows-page-properties-changed-1-1/translate-to-german-11d-page-with-starttime	1		0	0		0	0	Translated in Connected Mode	0		0	0	\N	0		0	\N	0	0	\N		0				0	0	0	0	0				0	0		0	0		\N	0		\N	0	summary		0.5		
51	16	1698046782	1697544822	0	0	0	0		512		0	0	0	0	\N	{"doktype":"","title":"","slug":"","nav_title":"","subtitle":"","seo_title":"","description":"","no_index":"","no_follow":"","canonical_link":"","sitemap_changefreq":"","sitemap_priority":"","og_title":"","og_description":"","og_image":"","twitter_title":"","twitter_description":"","twitter_image":"","twitter_card":"","abstract":"","keywords":"","author":"","author_email":"","lastUpdated":"","layout":"","newUntil":"","backend_layout":"","backend_layout_next_level":"","content_from_pid":"","target":"","cache_timeout":"","cache_tags":"","is_siteroot":"","no_search":"","no_search_sub_entries":"","php_tree_stop":"","module":"","media":"","tsconfig_includes":"","TSconfig":"","l18n_cfg":"","hidden":"","nav_hide":"","starttime":"","endtime":"","extendToSubpages":"","fe_group":"","fe_login_mode":"","editlock":"","categories":"","rowDescription":""}	0	0	0	0	1	6	31	31	1	11e Content changed - Translation not RTP - Overview	/extin2publish-core/11a-workflows-/-clc-/-languageindependentworkflows-page-properties-changed-1-1/11e-languageindependentworkflows	1		0	0		0	0	OverviewModul	0		0	0		0		0		0	0			0				0	0	0	0	0				0	0		0	0			0			0	summary		0.5		
52	16	1698046782	1697544923	0	0	0	0		512	\N	0	1	51	51	{"starttime":"parent","endtime":"parent","nav_hide":"parent","url":"parent","lastUpdated":"parent","newUntil":"parent","no_search":"parent","shortcut":"parent","shortcut_mode":"parent","content_from_pid":"parent","author":"parent","author_email":"parent","media":"parent","og_image":"parent","twitter_image":"parent","no_search_sub_entries":"parent"}	{"doktype":"1","slug":"\\/extin2publish-core\\/11a-workflows-\\/-clc-\\/-languageindependentworkflows-page-properties-changed-1-1\\/11e-languageindependentworkflows","hidden":"0","starttime":"0","endtime":"0","l10n_parent":"0","categories":"0","l10n_diffsource":"{\\"doktype\\":\\"\\",\\"title\\":\\"\\",\\"slug\\":\\"\\",\\"nav_title\\":\\"\\",\\"subtitle\\":\\"\\",\\"seo_title\\":\\"\\",\\"description\\":\\"\\",\\"no_index\\":\\"\\",\\"no_follow\\":\\"\\",\\"canonical_link\\":\\"\\",\\"sitemap_changefreq\\":\\"\\",\\"sitemap_priority\\":\\"\\",\\"og_title\\":\\"\\",\\"og_description\\":\\"\\",\\"og_image\\":\\"\\",\\"twitter_title\\":\\"\\",\\"twitter_description\\":\\"\\",\\"twitter_image\\":\\"\\",\\"twitter_card\\":\\"\\",\\"abstract\\":\\"\\",\\"keywords\\":\\"\\",\\"author\\":\\"\\",\\"author_email\\":\\"\\",\\"lastUpdated\\":\\"\\",\\"layout\\":\\"\\",\\"newUntil\\":\\"\\",\\"backend_layout\\":\\"\\",\\"backend_layout_next_level\\":\\"\\",\\"content_from_pid\\":\\"\\",\\"target\\":\\"\\",\\"cache_timeout\\":\\"\\",\\"cache_tags\\":\\"\\",\\"is_siteroot\\":\\"\\",\\"no_search\\":\\"\\",\\"no_search_sub_entries\\":\\"\\",\\"php_tree_stop\\":\\"\\",\\"module\\":\\"\\",\\"media\\":\\"\\",\\"tsconfig_includes\\":\\"\\",\\"TSconfig\\":\\"\\",\\"l18n_cfg\\":\\"\\",\\"hidden\\":\\"\\",\\"nav_hide\\":\\"\\",\\"starttime\\":\\"\\",\\"endtime\\":\\"\\",\\"extendToSubpages\\":\\"\\",\\"fe_group\\":\\"\\",\\"fe_login_mode\\":\\"\\",\\"editlock\\":\\"\\",\\"categories\\":\\"\\",\\"rowDescription\\":\\"\\"}","layout":"0","lastUpdated":"0","newUntil":"0","cache_timeout":"0","shortcut":"0","shortcut_mode":"0","content_from_pid":"0","mount_pid":"0","module":"","sitemap_priority":"0.5","twitter_card":"summary","t3_origuid":"0","sys_language_uid":"0","l10n_source":"0","title":"11e Content changed - Translation not RTP - Overview","nav_hide":"0","url":"","no_search":"0","author":"","author_email":"","media":"0","og_image":"0","twitter_image":"0","no_search_sub_entries":"0","TSconfig":"","php_tree_stop":"0","editlock":"0","fe_group":"","extendToSubpages":"0","target":"","cache_tags":"","is_siteroot":"0","mount_pid_ol":"0","fe_login_mode":"0","l18n_cfg":"0","backend_layout":"","backend_layout_next_level":"","tsconfig_includes":"","no_index":"0","no_follow":"0","nav_title":"","subtitle":"OverviewModul","seo_title":"","description":"","canonical_link":"","sitemap_changefreq":"","og_title":"","og_description":"","twitter_title":"","twitter_description":"","abstract":"","keywords":"","rowDescription":""}	0	0	0	0	1	6	31	31	1	DE 11e Content changed - Translation not RTP - Overview	/extin2publish-core/de-11a-workflows-/-clc-/-languageindependentworkflows-page-properties-changed-1-1/translate-to-german-11e-page-props-changed-translation-not-ready-to-publish	1		0	0		0	0		0		0	0	\N	0		0	\N	0	0	\N		0				0	0	0	0	0				0	0		0	0		\N	0		\N	0	summary		0.5		
53	16	1698046782	1697544937	0	0	0	0		512	\N	0	2	51	51	{"starttime":"parent","endtime":"parent","nav_hide":"parent","url":"parent","lastUpdated":"parent","newUntil":"parent","no_search":"parent","shortcut":"parent","shortcut_mode":"parent","content_from_pid":"parent","author":"parent","author_email":"parent","media":"parent","og_image":"parent","twitter_image":"parent","no_search_sub_entries":"parent"}	{"doktype":"1","slug":"\\/extin2publish-core\\/11a-workflows-\\/-clc-\\/-languageindependentworkflows-page-properties-changed-1-1\\/11e-languageindependentworkflows","hidden":"0","starttime":"0","endtime":"0","l10n_parent":"0","categories":"0","l10n_diffsource":"{\\"doktype\\":\\"\\",\\"title\\":\\"\\",\\"slug\\":\\"\\",\\"nav_title\\":\\"\\",\\"subtitle\\":\\"\\",\\"seo_title\\":\\"\\",\\"description\\":\\"\\",\\"no_index\\":\\"\\",\\"no_follow\\":\\"\\",\\"canonical_link\\":\\"\\",\\"sitemap_changefreq\\":\\"\\",\\"sitemap_priority\\":\\"\\",\\"og_title\\":\\"\\",\\"og_description\\":\\"\\",\\"og_image\\":\\"\\",\\"twitter_title\\":\\"\\",\\"twitter_description\\":\\"\\",\\"twitter_image\\":\\"\\",\\"twitter_card\\":\\"\\",\\"abstract\\":\\"\\",\\"keywords\\":\\"\\",\\"author\\":\\"\\",\\"author_email\\":\\"\\",\\"lastUpdated\\":\\"\\",\\"layout\\":\\"\\",\\"newUntil\\":\\"\\",\\"backend_layout\\":\\"\\",\\"backend_layout_next_level\\":\\"\\",\\"content_from_pid\\":\\"\\",\\"target\\":\\"\\",\\"cache_timeout\\":\\"\\",\\"cache_tags\\":\\"\\",\\"is_siteroot\\":\\"\\",\\"no_search\\":\\"\\",\\"no_search_sub_entries\\":\\"\\",\\"php_tree_stop\\":\\"\\",\\"module\\":\\"\\",\\"media\\":\\"\\",\\"tsconfig_includes\\":\\"\\",\\"TSconfig\\":\\"\\",\\"l18n_cfg\\":\\"\\",\\"hidden\\":\\"\\",\\"nav_hide\\":\\"\\",\\"starttime\\":\\"\\",\\"endtime\\":\\"\\",\\"extendToSubpages\\":\\"\\",\\"fe_group\\":\\"\\",\\"fe_login_mode\\":\\"\\",\\"editlock\\":\\"\\",\\"categories\\":\\"\\",\\"rowDescription\\":\\"\\"}","layout":"0","lastUpdated":"0","newUntil":"0","cache_timeout":"0","shortcut":"0","shortcut_mode":"0","content_from_pid":"0","mount_pid":"0","module":"","sitemap_priority":"0.5","twitter_card":"summary","t3_origuid":"0","sys_language_uid":"0","l10n_source":"0","title":"11e Content changed - Translation not RTP - Overview","nav_hide":"0","url":"","no_search":"0","author":"","author_email":"","media":"0","og_image":"0","twitter_image":"0","no_search_sub_entries":"0","TSconfig":"","php_tree_stop":"0","editlock":"0","fe_group":"","extendToSubpages":"0","target":"","cache_tags":"","is_siteroot":"0","mount_pid_ol":"0","fe_login_mode":"0","l18n_cfg":"0","backend_layout":"","backend_layout_next_level":"","tsconfig_includes":"","no_index":"0","no_follow":"0","nav_title":"","subtitle":"OverviewModul","seo_title":"","description":"","canonical_link":"","sitemap_changefreq":"","og_title":"","og_description":"","twitter_title":"","twitter_description":"","abstract":"","keywords":"","rowDescription":""}	0	0	0	0	1	6	31	31	1	JP 11e Content changed - Translation not RTP - Overview	/extin2publish-core/11a-workflows-/-clc-/-languageindependentworkflows-page-properties-changed-1-1/translate-to-japanese-11e-page-props-changed-translation-not-ready-to-publish	1		0	0		0	0		0		0	0	\N	0		0	\N	0	0	\N		0				0	0	0	0	0				0	0		0	0		\N	0		\N	0	summary		0.5		
54	16	1698046782	1697545388	0	0	0	0		768		0	0	0	0	\N	{"doktype":"","title":"","slug":"","nav_title":"","subtitle":"","seo_title":"","description":"","no_index":"","no_follow":"","canonical_link":"","sitemap_changefreq":"","sitemap_priority":"","og_title":"","og_description":"","og_image":"","twitter_title":"","twitter_description":"","twitter_image":"","twitter_card":"","abstract":"","keywords":"","author":"","author_email":"","lastUpdated":"","layout":"","newUntil":"","backend_layout":"","backend_layout_next_level":"","content_from_pid":"","target":"","cache_timeout":"","cache_tags":"","is_siteroot":"","no_search":"","no_search_sub_entries":"","php_tree_stop":"","module":"","media":"","tsconfig_includes":"","TSconfig":"","l18n_cfg":"","hidden":"","nav_hide":"","starttime":"","endtime":"","extendToSubpages":"","fe_group":"","fe_login_mode":"","editlock":"","categories":"","rowDescription":""}	0	0	0	0	1	6	31	31	1	11f Content changed - Translation not RTP - Workflow	/extin2publish-core/11a-workflows-/-clc-/-languageindependentworkflows-page-properties-changed-1-1/11e-languageindependentworkflows-1	1		0	0		0	0	Workflow Modul	0		0	0		0		0		0	0			0				0	0	0	0	0				0	0		0	0			0			0	summary		0.5		
55	16	1698046782	1697545388	0	0	0	0		768	\N	0	1	54	54	{"starttime":"parent","endtime":"parent","nav_hide":"parent","url":"parent","lastUpdated":"parent","newUntil":"parent","no_search":"parent","shortcut":"parent","shortcut_mode":"parent","content_from_pid":"parent","author":"parent","author_email":"parent","media":"parent","og_image":"parent","twitter_image":"parent","no_search_sub_entries":"parent"}	{"doktype":"1","slug":"\\/extin2publish-core\\/11a-workflows-\\/-clc-\\/-languageindependentworkflows-page-properties-changed-1-1\\/11e-languageindependentworkflows-1","hidden":"0","starttime":"0","endtime":"0","l10n_parent":"0","categories":"0","l10n_diffsource":"{\\"doktype\\":\\"\\",\\"title\\":\\"\\",\\"slug\\":\\"\\",\\"nav_title\\":\\"\\",\\"subtitle\\":\\"\\",\\"seo_title\\":\\"\\",\\"description\\":\\"\\",\\"no_index\\":\\"\\",\\"no_follow\\":\\"\\",\\"canonical_link\\":\\"\\",\\"sitemap_changefreq\\":\\"\\",\\"sitemap_priority\\":\\"\\",\\"og_title\\":\\"\\",\\"og_description\\":\\"\\",\\"og_image\\":\\"\\",\\"twitter_title\\":\\"\\",\\"twitter_description\\":\\"\\",\\"twitter_image\\":\\"\\",\\"twitter_card\\":\\"\\",\\"abstract\\":\\"\\",\\"keywords\\":\\"\\",\\"author\\":\\"\\",\\"author_email\\":\\"\\",\\"lastUpdated\\":\\"\\",\\"layout\\":\\"\\",\\"newUntil\\":\\"\\",\\"backend_layout\\":\\"\\",\\"backend_layout_next_level\\":\\"\\",\\"content_from_pid\\":\\"\\",\\"target\\":\\"\\",\\"cache_timeout\\":\\"\\",\\"cache_tags\\":\\"\\",\\"is_siteroot\\":\\"\\",\\"no_search\\":\\"\\",\\"no_search_sub_entries\\":\\"\\",\\"php_tree_stop\\":\\"\\",\\"module\\":\\"\\",\\"media\\":\\"\\",\\"tsconfig_includes\\":\\"\\",\\"TSconfig\\":\\"\\",\\"l18n_cfg\\":\\"\\",\\"hidden\\":\\"\\",\\"nav_hide\\":\\"\\",\\"starttime\\":\\"\\",\\"endtime\\":\\"\\",\\"extendToSubpages\\":\\"\\",\\"fe_group\\":\\"\\",\\"fe_login_mode\\":\\"\\",\\"editlock\\":\\"\\",\\"categories\\":\\"\\",\\"rowDescription\\":\\"\\"}","layout":"0","lastUpdated":"0","newUntil":"0","cache_timeout":"0","shortcut":"0","shortcut_mode":"0","content_from_pid":"0","mount_pid":"0","module":"","sitemap_priority":"0.5","twitter_card":"summary","t3_origuid":"51","sys_language_uid":"0","l10n_source":"0","title":"11f Content changed - Translation not ready to publish","nav_hide":"0","url":"","no_search":"0","author":"","author_email":"","media":"0","og_image":"0","twitter_image":"0","no_search_sub_entries":"0","TSconfig":"","php_tree_stop":"0","editlock":"0","fe_group":"","extendToSubpages":"0","target":"","cache_tags":"","is_siteroot":"0","mount_pid_ol":"0","fe_login_mode":"0","l18n_cfg":"0","backend_layout":"","backend_layout_next_level":"","tsconfig_includes":"","no_index":"0","no_follow":"0","nav_title":"","subtitle":"Workflow Modul","seo_title":"","description":"","canonical_link":"","sitemap_changefreq":"","og_title":"","og_description":"","twitter_title":"","twitter_description":"","abstract":"","keywords":"","rowDescription":"","tx_impexp_origuid":"0"}	0	0	0	0	1	6	31	31	1	DE 11e Content changed - Translation not ready to publish	/extin2publish-core/de-11a-workflows-/-clc-/-languageindependentworkflows-page-properties-changed-1-1/translate-to-german-11e-page-props-changed-translation-not-ready-to-publish-1	1		0	0		0	0		0		0	0	\N	0		0	\N	0	0	\N		0				0	0	0	0	0				0	0		0	0		\N	0		\N	0	summary		0.5		
56	16	1698046782	1697545388	0	0	0	0		768	\N	0	2	54	54	{"starttime":"parent","endtime":"parent","nav_hide":"parent","url":"parent","lastUpdated":"parent","newUntil":"parent","no_search":"parent","shortcut":"parent","shortcut_mode":"parent","content_from_pid":"parent","author":"parent","author_email":"parent","media":"parent","og_image":"parent","twitter_image":"parent","no_search_sub_entries":"parent"}	{"doktype":"1","slug":"\\/extin2publish-core\\/11a-workflows-\\/-clc-\\/-languageindependentworkflows-page-properties-changed-1-1\\/11e-languageindependentworkflows-1","hidden":"0","starttime":"0","endtime":"0","l10n_parent":"0","categories":"0","l10n_diffsource":"{\\"doktype\\":\\"\\",\\"title\\":\\"\\",\\"slug\\":\\"\\",\\"nav_title\\":\\"\\",\\"subtitle\\":\\"\\",\\"seo_title\\":\\"\\",\\"description\\":\\"\\",\\"no_index\\":\\"\\",\\"no_follow\\":\\"\\",\\"canonical_link\\":\\"\\",\\"sitemap_changefreq\\":\\"\\",\\"sitemap_priority\\":\\"\\",\\"og_title\\":\\"\\",\\"og_description\\":\\"\\",\\"og_image\\":\\"\\",\\"twitter_title\\":\\"\\",\\"twitter_description\\":\\"\\",\\"twitter_image\\":\\"\\",\\"twitter_card\\":\\"\\",\\"abstract\\":\\"\\",\\"keywords\\":\\"\\",\\"author\\":\\"\\",\\"author_email\\":\\"\\",\\"lastUpdated\\":\\"\\",\\"layout\\":\\"\\",\\"newUntil\\":\\"\\",\\"backend_layout\\":\\"\\",\\"backend_layout_next_level\\":\\"\\",\\"content_from_pid\\":\\"\\",\\"target\\":\\"\\",\\"cache_timeout\\":\\"\\",\\"cache_tags\\":\\"\\",\\"is_siteroot\\":\\"\\",\\"no_search\\":\\"\\",\\"no_search_sub_entries\\":\\"\\",\\"php_tree_stop\\":\\"\\",\\"module\\":\\"\\",\\"media\\":\\"\\",\\"tsconfig_includes\\":\\"\\",\\"TSconfig\\":\\"\\",\\"l18n_cfg\\":\\"\\",\\"hidden\\":\\"\\",\\"nav_hide\\":\\"\\",\\"starttime\\":\\"\\",\\"endtime\\":\\"\\",\\"extendToSubpages\\":\\"\\",\\"fe_group\\":\\"\\",\\"fe_login_mode\\":\\"\\",\\"editlock\\":\\"\\",\\"categories\\":\\"\\",\\"rowDescription\\":\\"\\"}","layout":"0","lastUpdated":"0","newUntil":"0","cache_timeout":"0","shortcut":"0","shortcut_mode":"0","content_from_pid":"0","mount_pid":"0","module":"","sitemap_priority":"0.5","twitter_card":"summary","t3_origuid":"51","sys_language_uid":"0","l10n_source":"0","title":"11f Content changed - Translation not ready to publish","nav_hide":"0","url":"","no_search":"0","author":"","author_email":"","media":"0","og_image":"0","twitter_image":"0","no_search_sub_entries":"0","TSconfig":"","php_tree_stop":"0","editlock":"0","fe_group":"","extendToSubpages":"0","target":"","cache_tags":"","is_siteroot":"0","mount_pid_ol":"0","fe_login_mode":"0","l18n_cfg":"0","backend_layout":"","backend_layout_next_level":"","tsconfig_includes":"","no_index":"0","no_follow":"0","nav_title":"","subtitle":"Workflow Modul","seo_title":"","description":"","canonical_link":"","sitemap_changefreq":"","og_title":"","og_description":"","twitter_title":"","twitter_description":"","abstract":"","keywords":"","rowDescription":"","tx_impexp_origuid":"0"}	0	0	0	0	1	6	31	31	1	JP 11e Content changed - Translation not ready to publish	/extin2publish-core/11a-workflows-/-clc-/-languageindependentworkflows-page-properties-changed-1-1/translate-to-japanese-11e-page-props-changed-translation-not-ready-to-publish-1	1		0	0		0	0		0		0	0	\N	0		0	\N	0	0	\N		0				0	0	0	0	0				0	0		0	0		\N	0		\N	0	summary		0.5		
57	3	1698046782	1697716889	0	0	0	0		1536		0	0	0	0	\N	{"hidden":""}	0	0	0	0	1	6	31	31	1	6c Workflows / TreeViewColors - Cut element	/extin2publish-core/6b-workflows-/-treeviewcolors-contentelements/6c-workflows-/-treeviewcolors-cut-element	1		0	0		0	0		0		0	0		0		0		0	1698046461			0				0	0	0	0	0				0	0		0	0			0			0	summary		0.5		
58	3	1698046782	1697716948	0	0	0	0		1984		0	0	0	0	\N	{"doktype":"","title":"","slug":"","nav_title":"","subtitle":"","seo_title":"","description":"","no_index":"","no_follow":"","canonical_link":"","sitemap_changefreq":"","sitemap_priority":"","og_title":"","og_description":"","og_image":"","twitter_title":"","twitter_description":"","twitter_image":"","twitter_card":"","abstract":"","keywords":"","author":"","author_email":"","lastUpdated":"","layout":"","newUntil":"","backend_layout":"","backend_layout_next_level":"","content_from_pid":"","target":"","cache_timeout":"","cache_tags":"","is_siteroot":"","no_search":"","no_search_sub_entries":"","php_tree_stop":"","module":"","media":"","tsconfig_includes":"","TSconfig":"","l18n_cfg":"","hidden":"","nav_hide":"","starttime":"","endtime":"","extendToSubpages":"","fe_group":"","fe_login_mode":"","editlock":"","categories":"","rowDescription":""}	0	0	0	0	1	6	31	31	1	6c Workflows / TreeViewColors - Paste element	/extin2publish-core/6b-workflows-/-treeviewcolors-contentelements/6c-workflows-/-treeviewcolors-cut-element-1	1		0	0		0	0		0		0	0		0		0		0	0			0				0	0	0	0	0				0	0		0	0			0			0	summary		0.5		
59	3	1698046782	1697723082	0	0	0	0		6912	Old row description	0	0	0	0	\N	{"hidden":""}	0	0	0	0	1	6	31	31	1	14 - Ignored Field rowDescription	/extin2publish-core/14-ignored-field-rowdescription	1		0	0		0	0	The field rowDescription is ignored by the publisher (Tab: Notes Field: Description)	0		0	0		0		0		0	0			0				0	0	0	0	0				0	0		0	0			0			0	summary		0.5		
60	34	1698311647	1698048853	0	0	0	0		768		0	0	0	0	\N	{"title":""}	0	0	0	0	1	6	31	31	1	5c.3 User has no permission for unchanged inserted content element	/extin2publish-core/5c-workflows-unfulfilled-dependencies/5c1-parent-not-published/5c12-no-permission-for-content-element	1		0	0		0	0		0		0	0		0		0		0	1698142784			0				0	0	0	0	0				0	0		0	0			0			0	summary		0.5		
61	3	1698235773	1698142736	1	0	0	0		288		0	0	0	0	\N	{"hidden":""}	0	0	0	0	1	6	31	31	1	5c.3 User not allowed to publish	/extin2publish-core/5c-workflows-unfulfilled-dependencies/5c1-parent-not-published/5c3-user-not-allowed-to-publish	1		0	0		0	0	The user no-publisher is not allowed to publish this page in the WorkflowModule and OverviewModule	0		0	0		0		0		0	0			0				0	0	0	0	0				0	0		0	0			0			0	summary		0.5		
62	16	1698227043	1698151814	1	0	0	0		64	\N	0	2	44	44	{"starttime":"parent","endtime":"parent","nav_hide":"parent","url":"parent","lastUpdated":"parent","newUntil":"parent","no_search":"parent","shortcut":"parent","shortcut_mode":"parent","content_from_pid":"parent","author":"parent","author_email":"parent","media":"parent","og_image":"parent","twitter_image":"parent","no_search_sub_entries":"parent"}	{"doktype":"1","slug":"\\/extin2publish-core\\/11a-workflows-\\/-clc-\\/-languageindependentworkflows-page-properties-changed-1-1\\/11a-1","hidden":"0","starttime":"0","endtime":"0","l10n_parent":"0","categories":"0","l10n_diffsource":"{\\"hidden\\":\\"\\"}","layout":"0","lastUpdated":"0","newUntil":"0","cache_timeout":"0","shortcut":"0","shortcut_mode":"0","content_from_pid":"0","mount_pid":"0","module":"","sitemap_priority":"0.5","twitter_card":"summary","t3_origuid":"0","sys_language_uid":"0","l10n_source":"0","title":"11b Content translated in ConnectedMode","nav_hide":"0","url":"","no_search":"0","author":"","author_email":"","media":"0","og_image":"0","twitter_image":"0","no_search_sub_entries":"0","TSconfig":"","php_tree_stop":"0","editlock":"0","fe_group":"","extendToSubpages":"0","target":"","cache_tags":"","is_siteroot":"0","mount_pid_ol":"0","fe_login_mode":"0","l18n_cfg":"0","backend_layout":"","backend_layout_next_level":"","tsconfig_includes":"","no_index":"0","no_follow":"0","nav_title":"","subtitle":"","seo_title":"","description":"","canonical_link":"","sitemap_changefreq":"","og_title":"","og_description":"","twitter_title":"","twitter_description":"","abstract":"","keywords":"","rowDescription":""}	0	0	0	0	1	6	31	31	1	JP 11b Content translated in ConnectedMode	/extin2publish-core/11a-workflows-/-clc-/-languageindependentworkflows-page-properties-changed-1-1/translate-to-japanese-11b-content-translated-in-connectedmode	1		0	0		0	0		0		0	0	\N	0		0	\N	0	0	\N		0				0	0	0	0	0				0	0		0	0		\N	0		\N	0	summary		0.5		
63	3	1698154213	1698154180	0	0	0	0		320		0	0	0	0	\N	{"hidden":""}	0	0	0	0	1	6	31	31	1	5d Workflows - no permissions	/extin2publish-core/5d-workflows-no-permissions	1		0	0		0	0	User no-publish is not allowed to publish	0		0	0		0		0		0	0			0				0	0	0	0	0				0	0		0	0			0			0	summary		0.5		
64	16	1698227033	1698224787	1	0	0	0		32	\N	0	2	45	45	{"starttime":"parent","endtime":"parent","nav_hide":"parent","url":"parent","lastUpdated":"parent","newUntil":"parent","no_search":"parent","shortcut":"parent","shortcut_mode":"parent","content_from_pid":"parent","author":"parent","author_email":"parent","media":"parent","og_image":"parent","twitter_image":"parent","no_search_sub_entries":"parent"}	{"doktype":"1","slug":"\\/extin2publish-core\\/11a-workflows-\\/-clc-\\/-languageindependentworkflows-page-properties-changed-1-1\\/11a-2","hidden":"0","starttime":"0","endtime":"0","l10n_parent":"0","categories":"0","l10n_diffsource":"{\\"doktype\\":\\"\\",\\"title\\":\\"\\",\\"slug\\":\\"\\",\\"nav_title\\":\\"\\",\\"subtitle\\":\\"\\",\\"seo_title\\":\\"\\",\\"description\\":\\"\\",\\"no_index\\":\\"\\",\\"no_follow\\":\\"\\",\\"canonical_link\\":\\"\\",\\"sitemap_changefreq\\":\\"\\",\\"sitemap_priority\\":\\"\\",\\"og_title\\":\\"\\",\\"og_description\\":\\"\\",\\"og_image\\":\\"\\",\\"twitter_title\\":\\"\\",\\"twitter_description\\":\\"\\",\\"twitter_image\\":\\"\\",\\"twitter_card\\":\\"\\",\\"abstract\\":\\"\\",\\"keywords\\":\\"\\",\\"author\\":\\"\\",\\"author_email\\":\\"\\",\\"lastUpdated\\":\\"\\",\\"layout\\":\\"\\",\\"newUntil\\":\\"\\",\\"backend_layout\\":\\"\\",\\"backend_layout_next_level\\":\\"\\",\\"content_from_pid\\":\\"\\",\\"target\\":\\"\\",\\"cache_timeout\\":\\"\\",\\"cache_tags\\":\\"\\",\\"is_siteroot\\":\\"\\",\\"no_search\\":\\"\\",\\"no_search_sub_entries\\":\\"\\",\\"php_tree_stop\\":\\"\\",\\"module\\":\\"\\",\\"media\\":\\"\\",\\"tsconfig_includes\\":\\"\\",\\"TSconfig\\":\\"\\",\\"l18n_cfg\\":\\"\\",\\"hidden\\":\\"\\",\\"nav_hide\\":\\"\\",\\"starttime\\":\\"\\",\\"endtime\\":\\"\\",\\"extendToSubpages\\":\\"\\",\\"fe_group\\":\\"\\",\\"fe_login_mode\\":\\"\\",\\"editlock\\":\\"\\",\\"categories\\":\\"\\",\\"rowDescription\\":\\"\\"}","layout":"0","lastUpdated":"0","newUntil":"0","cache_timeout":"0","shortcut":"0","shortcut_mode":"0","content_from_pid":"0","mount_pid":"0","module":"","sitemap_priority":"0.5","twitter_card":"summary","t3_origuid":"0","sys_language_uid":"0","l10n_source":"0","title":"11a Content translated in FreeMode","nav_hide":"0","url":"","no_search":"0","author":"","author_email":"","media":"0","og_image":"0","twitter_image":"0","no_search_sub_entries":"0","TSconfig":"","php_tree_stop":"0","editlock":"0","fe_group":"","extendToSubpages":"0","target":"","cache_tags":"","is_siteroot":"0","mount_pid_ol":"0","fe_login_mode":"0","l18n_cfg":"0","backend_layout":"","backend_layout_next_level":"","tsconfig_includes":"","no_index":"0","no_follow":"0","nav_title":"","subtitle":"","seo_title":"","description":"","canonical_link":"","sitemap_changefreq":"","og_title":"","og_description":"","twitter_title":"","twitter_description":"","abstract":"","keywords":"","rowDescription":""}	0	0	0	0	1	6	31	31	1	JP 11a Content translated in FreeMode	/extin2publish-core/11a-workflows-/-clc-/-languageindependentworkflows-page-properties-changed-1-1/translate-to-japanese-11a-content-translated-in-freemode	1		0	0		0	0		0		0	0	\N	0		0	\N	0	0	\N		0				0	0	0	0	0				0	0		0	0		\N	0		\N	0	summary		0.5		
65	6	1698311577	1698311555	0	0	0	0	0	256	\N	0	0	0	0	\N	{"hidden":""}	0	0	0	0	1	0	31	27	0	1b.1 Page content - changed	/extin2publish/1b-page-content/1b1-page-content-changed	1	\N	0	0		0	0		0		0	0	\N	0		0	\N	0	0	\N		0				0	0	0	0	0			\N	0	0		0	0		\N	0		\N	0	summary		0.5		
66	34	1698311779	1698311665	0	0	0	0	0	1024	\N	0	0	0	0	\N	{"hidden":""}	0	0	0	0	1	6	31	27	0	5c.4 User has no permission for changed inserted content element	/extin2publish-core/5c-workflows-unfulfilled-dependencies/5c4-user-has-no-permission-for-changed-inserted-content-element	1	\N	0	0		0	0		0		0	0	\N	0		0	\N	0	0	\N		0				0	0	0	0	0			\N	0	0		0	0		\N	0		\N	0	summary		0.5		
67	3	1700665220	1698752956	0	0	0	0		6976		0	0	0	0	\N	{"doktype":"","title":"","slug":"","nav_title":"","subtitle":"","seo_title":"","description":"","no_index":"","no_follow":"","canonical_link":"","sitemap_changefreq":"","sitemap_priority":"","og_title":"","og_description":"","og_image":"","twitter_title":"","twitter_description":"","twitter_image":"","twitter_card":"","abstract":"","keywords":"","author":"","author_email":"","lastUpdated":"","layout":"","newUntil":"","backend_layout":"","backend_layout_next_level":"","content_from_pid":"","target":"","cache_timeout":"","cache_tags":"","is_siteroot":"","no_search":"","no_search_sub_entries":"","php_tree_stop":"","module":"","media":"","tsconfig_includes":"","TSconfig":"","l18n_cfg":"","hidden":"","nav_hide":"","starttime":"","endtime":"","extendToSubpages":"","fe_group":"","editlock":"","categories":"","rowDescription":""}	0	0	0	0	1	0	31	27	0	22 SingleRecordPublishing	/20-singlerecordpublishing	1		0	0		0	0	Content elements can be published individually in the OverviewModule	0		0	0		0		0		0	0			0			Changed nav_title	0	0	0	0	0				0	0		0	0			0			0	summary		0.5		
68	4	1700037584	1700037572	0	0	0	0		256		0	0	0	0	\N	{"hidden":""}	0	0	0	0	1	0	31	27	0	3 Remote Cache Teset	/extin2publish/3-remote-cache-teset	1		0	0		0	0		0		0	0		0		0		0	0			0				0	0	0	0	0				0	0		0	0			0			0	summary		0.5		
69	68	1700037678	1700037618	0	0	0	0		256		0	0	0	0	\N	{"hidden":""}	0	0	0	0	1	0	31	27	0	3a Page with current date	/extin2publish/3-remote-cache-teset/3a-page-with-current-date	1		0	0		0	0		0		0	0		0		0		0	1700037678			0				0	0	0	0	0				0	0		0	0			0			0	summary		0.5		
70	68	1700038371	1700037824	0	0	0	0		512		0	0	0	0	\N	{"doktype":"","title":"","slug":"","nav_title":"","subtitle":"","seo_title":"","description":"","no_index":"","no_follow":"","canonical_link":"","sitemap_changefreq":"","sitemap_priority":"","og_title":"","og_description":"","og_image":"","twitter_title":"","twitter_description":"","twitter_image":"","twitter_card":"","abstract":"","keywords":"","author":"","author_email":"","lastUpdated":"","layout":"","newUntil":"","backend_layout":"","backend_layout_next_level":"","content_from_pid":"","target":"","cache_timeout":"","cache_tags":"","is_siteroot":"","no_search":"","no_search_sub_entries":"","php_tree_stop":"","module":"","media":"","tsconfig_includes":"","TSconfig":"","l18n_cfg":"","hidden":"","nav_hide":"","starttime":"","endtime":"","extendToSubpages":"","fe_group":"","editlock":"","categories":"","rowDescription":""}	0	0	0	0	1	0	31	27	0	3b Page with TCEMAIN.clearCacheCmd	/extin2publish/3-remote-cache-teset/3b-page-with-tcemainclearcachecmd	1	TCEMAIN.clearCacheCmd = 69	0	0		0	0	Make a change on this page and publish. The displayed date on page 3a should be updated on foreign.	0		0	0		0		0		0	0			0				0	0	0	0	0				0	0		0	0			0			0	summary		0.5		
71	73	1700554907	1700506507	0	0	0	0		64	\N	0	0	0	0	\N	{"title":""}	0	0	0	0	1	0	31	27	0	1d.1 Free Mode	/extin2publish/1c-content-translated-freemode	1	\N	0	0		0	0		0		0	0	\N	0		0	\N	0	0	\N		0				0	0	0	0	0			\N	0	0		0	0		\N	0		\N	0	summary		0.5		
72	73	1700554963	1700506783	0	0	0	0		64	\N	0	1	71	71	{"starttime":"parent","endtime":"parent","nav_hide":"parent","url":"parent","lastUpdated":"parent","newUntil":"parent","no_search":"parent","shortcut":"parent","shortcut_mode":"parent","content_from_pid":"parent","author":"parent","author_email":"parent","media":"parent","og_image":"parent","twitter_image":"parent","no_search_sub_entries":"parent"}	{"doktype":"1","slug":"\\/extin2publish\\/1c-content-translated-freemode","hidden":"0","starttime":"0","endtime":"0","l10n_parent":"0","categories":"0","l10n_diffsource":"{\\"doktype\\":\\"\\",\\"title\\":\\"\\",\\"slug\\":\\"\\",\\"nav_title\\":\\"\\",\\"subtitle\\":\\"\\",\\"seo_title\\":\\"\\",\\"description\\":\\"\\",\\"no_index\\":\\"\\",\\"no_follow\\":\\"\\",\\"canonical_link\\":\\"\\",\\"sitemap_changefreq\\":\\"\\",\\"sitemap_priority\\":\\"\\",\\"og_title\\":\\"\\",\\"og_description\\":\\"\\",\\"og_image\\":\\"\\",\\"twitter_title\\":\\"\\",\\"twitter_description\\":\\"\\",\\"twitter_image\\":\\"\\",\\"twitter_card\\":\\"\\",\\"abstract\\":\\"\\",\\"keywords\\":\\"\\",\\"author\\":\\"\\",\\"author_email\\":\\"\\",\\"lastUpdated\\":\\"\\",\\"layout\\":\\"\\",\\"newUntil\\":\\"\\",\\"backend_layout\\":\\"\\",\\"backend_layout_next_level\\":\\"\\",\\"content_from_pid\\":\\"\\",\\"target\\":\\"\\",\\"cache_timeout\\":\\"\\",\\"cache_tags\\":\\"\\",\\"is_siteroot\\":\\"\\",\\"no_search\\":\\"\\",\\"no_search_sub_entries\\":\\"\\",\\"php_tree_stop\\":\\"\\",\\"module\\":\\"\\",\\"media\\":\\"\\",\\"tsconfig_includes\\":\\"\\",\\"TSconfig\\":\\"\\",\\"l18n_cfg\\":\\"\\",\\"hidden\\":\\"\\",\\"nav_hide\\":\\"\\",\\"starttime\\":\\"\\",\\"endtime\\":\\"\\",\\"extendToSubpages\\":\\"\\",\\"fe_group\\":\\"\\",\\"editlock\\":\\"\\",\\"categories\\":\\"\\",\\"rowDescription\\":\\"\\"}","layout":"0","lastUpdated":"0","newUntil":"0","cache_timeout":"0","shortcut":"0","shortcut_mode":"0","content_from_pid":"0","mount_pid":"0","module":"","sitemap_priority":"0.5","twitter_card":"summary","t3_origuid":"0","sys_language_uid":"0","l10n_source":"0","title":"1d.1 Free Mode","nav_hide":"0","url":"","no_search":"0","author":"","author_email":"","media":"0","og_image":"0","twitter_image":"0","no_search_sub_entries":"0","TSconfig":"","php_tree_stop":"0","editlock":"0","fe_group":"","extendToSubpages":"0","target":"","cache_tags":"","is_siteroot":"0","mount_pid_ol":"0","l18n_cfg":"0","backend_layout":"","backend_layout_next_level":"","tsconfig_includes":"","no_index":"0","no_follow":"0","nav_title":"","subtitle":"","seo_title":"","description":"","canonical_link":"","sitemap_changefreq":"","og_title":"","og_description":"","twitter_title":"","twitter_description":"","abstract":"","keywords":"","rowDescription":""}	0	0	0	0	1	0	31	27	0	1d.1 Free Mode - DE	/extin2publish/translate-to-german-1c-content-translated-freemode	1	\N	0	0		0	0		0		0	0	\N	0		0	\N	0	0	\N		0				0	0	0	0	0				0	0		0	0		\N	0		\N	0	summary		0.5		
73	4	1700554904	1700506882	0	0	0	0		160	\N	0	0	0	0	\N	{"title":""}	0	0	0	0	1	0	31	27	0	1d Translated Content	/extin2publish/1c-codeception-tests	1	\N	0	0		0	0		0		0	0	\N	0		0	\N	0	0	\N		0				0	0	0	0	0			\N	0	0		0	0		\N	0		\N	0	summary		0.5		
74	73	1700554910	1700506952	0	0	0	0	0	128	\N	0	0	0	0	\N	{"title":""}	0	0	0	0	1	0	31	27	0	1d.2 Connected Mode	/extin2publish/1c-codeception-tests/1c2-connected-mode	1	\N	0	0		0	0		0		0	0	\N	0		0	\N	0	0	\N		0				0	0	0	0	0			\N	0	0		0	0		\N	0		\N	0	summary		0.5		
75	73	1700554978	1700507009	0	0	0	0		128	\N	0	1	74	74	{"starttime":"parent","endtime":"parent","nav_hide":"parent","url":"parent","lastUpdated":"parent","newUntil":"parent","no_search":"parent","shortcut":"parent","shortcut_mode":"parent","content_from_pid":"parent","author":"parent","author_email":"parent","media":"parent","og_image":"parent","twitter_image":"parent","no_search_sub_entries":"parent"}	{"doktype":"1","slug":"\\/extin2publish\\/1c-codeception-tests\\/1c2-connected-mode","hidden":"0","starttime":"0","endtime":"0","l10n_parent":"0","categories":"0","l10n_diffsource":"{\\"hidden\\":\\"\\"}","layout":"0","lastUpdated":"0","newUntil":"0","cache_timeout":"0","shortcut":"0","shortcut_mode":"0","content_from_pid":"0","mount_pid":"0","module":"","sitemap_priority":"0.5","twitter_card":"summary","t3_origuid":"0","sys_language_uid":"0","l10n_source":"0","title":"1d.2 Connected Mode","nav_hide":"0","url":"","no_search":"0","author":"","author_email":"","media":"0","og_image":"0","twitter_image":"0","no_search_sub_entries":"0","TSconfig":"","php_tree_stop":"0","editlock":"0","fe_group":"0","extendToSubpages":"0","target":"","cache_tags":"","is_siteroot":"0","mount_pid_ol":"0","l18n_cfg":"0","backend_layout":"","backend_layout_next_level":"","tsconfig_includes":"","no_index":"0","no_follow":"0","nav_title":"","subtitle":"","seo_title":"","description":"","canonical_link":"","sitemap_changefreq":"","og_title":"","og_description":"","twitter_title":"","twitter_description":"","abstract":"","keywords":"","rowDescription":""}	0	0	0	0	1	0	31	27	0	1d.2 Connected Mode - DE	/extin2publish/1c-codeception-tests/translate-to-german-1c2-connected-mode	1	\N	0	0		0	0		0		0	0	\N	0		0	\N	0	0	\N		0				0	0	0	0	0				0	0		0	0		\N	0		\N	0	summary		0.5		
76	1	1730361316	1730131569	0	0	0	0		22		0	0	0	0	\N	{"doktype":"","title":"","slug":"","nav_title":"","subtitle":"","seo_title":"","description":"","no_index":"","no_follow":"","canonical_link":"","sitemap_changefreq":"","sitemap_priority":"","og_title":"","og_description":"","og_image":"","twitter_title":"","twitter_description":"","twitter_image":"","twitter_card":"","abstract":"","keywords":"","author":"","author_email":"","lastUpdated":"","layout":"","newUntil":"","backend_layout":"","backend_layout_next_level":"","content_from_pid":"","target":"","cache_timeout":"","cache_tags":"","is_siteroot":"","no_search":"","no_search_sub_entries":"","php_tree_stop":"","module":"","media":"","tsconfig_includes":"","TSconfig":"","l18n_cfg":"","hidden":"","nav_hide":"","starttime":"","endtime":"","extendToSubpages":"","fe_group":"","editlock":"","categories":"","rowDescription":""}	0	0	0	0	1	0	31	27	0	24 Page with Category 1 and Category 2	/24-page-with-category-1-and-category-2	1		0	0		0	0		0		0	0		0		0		0	0			0				0	0	0	0	0				2	0		0	0			0			0	summary		0.5		
77	1	1733991249	1733991219	0	0	0	0		23	\N	0	0	0	0	\N	{"doktype":"","title":"","slug":"","nav_title":"","subtitle":"","seo_title":"","description":"","no_index":"","no_follow":"","canonical_link":"","sitemap_changefreq":"","sitemap_priority":"","og_title":"","og_description":"","og_image":"","twitter_title":"","twitter_description":"","twitter_image":"","twitter_card":"","abstract":"","keywords":"","author":"","author_email":"","lastUpdated":"","layout":"","newUntil":"","backend_layout":"","backend_layout_next_level":"","content_from_pid":"","target":"","cache_timeout":"","cache_tags":"","is_siteroot":"","no_search":"","php_tree_stop":"","module":"","media":"","tsconfig_includes":"","TSconfig":"","l18n_cfg":"","hidden":"","nav_hide":"","starttime":"","endtime":"","extendToSubpages":"","fe_group":"","editlock":"","categories":"","rowDescription":""}	0	0	0	0	1	0	31	27	0	Page with Category 1	/page-with-category-1	1	\N	0	0		0	0		0		0	0	\N	0		0	\N	0	0	\N		0				0	0	0	0	0			\N	1	0		0	0		\N	0		\N	0	summary		0.5		
78	1	1733991257	1733991229	0	0	0	0		279	\N	0	0	0	0	\N	{"doktype":"","title":"","slug":"","nav_title":"","subtitle":"","seo_title":"","description":"","no_index":"","no_follow":"","canonical_link":"","sitemap_changefreq":"","sitemap_priority":"","og_title":"","og_description":"","og_image":"","twitter_title":"","twitter_description":"","twitter_image":"","twitter_card":"","abstract":"","keywords":"","author":"","author_email":"","lastUpdated":"","layout":"","newUntil":"","backend_layout":"","backend_layout_next_level":"","content_from_pid":"","target":"","cache_timeout":"","cache_tags":"","is_siteroot":"","no_search":"","php_tree_stop":"","module":"","media":"","tsconfig_includes":"","TSconfig":"","l18n_cfg":"","hidden":"","nav_hide":"","starttime":"","endtime":"","extendToSubpages":"","fe_group":"","editlock":"","categories":"","rowDescription":""}	0	0	0	0	1	0	31	27	0	Page with Category 2	/page-with-category-2	1	\N	0	0		0	0		0		0	0	\N	0		0	\N	0	0	\N		0				0	0	0	0	0			\N	1	0		0	0		\N	0		\N	0	summary		0.5		
