1	132	1741947233	1741945243	1	0	0	0	0	0	\N		0	0	0	0	bar	bar	0	foo2	foo2		1	2	2	2	bar		0	2	2	2	2	2	3	2	2	2	2	2	2	2	1	1	2	2	1	2	2	0	2	0	2	2	0	0	86	0	0		0	\N	0	bar	<?xml version="1.0" encoding="utf-8" standalone="yes" ?>\
<T3FlexForms>\
    <data>\
        <sheet index="sSingle">\
            <language index="lDEF">\
                <field index="select_single_1">\
                    <value index="vDEF">foo2</value>\
                </field>\
            </language>\
        </sheet>\
        <sheet index="sCheckbox">\
            <language index="lDEF">\
                <field index="select_checkxox_1">\
                    <value index="vDEF">2</value>\
                </field>\
            </language>\
        </sheet>\
        <sheet index="sTree">\
            <language index="lDEF">\
                <field index="select_tree_1">\
                    <value index="vDEF">0</value>\
                </field>\
            </language>\
        </sheet>\
        <sheet index="sMultiplesidebyside">\
            <language index="lDEF">\
                <field index="select_multiplesidebyside_1">\
                    <value index="vDEF">0</value>\
                </field>\
                <field index="select_multiplesidebyside_2">\
                    <value index="vDEF">0</value>\
                </field>\
            </language>\
        </sheet>\
    </data>\
</T3FlexForms>				\N	\N	\N	\N	\N	\N
2	132	1741947233	1741945243	1	0	256	6	0	1	\N		0	0	0	0	bar	bar		foo2	foo2		1	2	2	2	bar		0	2	2	2	2	2	3	2	2	2	2	2	2	2	1	1	2	2	1	2	2		2	0	2	2			86				0	0	0	bar	<?xml version="1.0" encoding="utf-8" standalone="yes" ?>\
<T3FlexForms>\
    <data>\
        <sheet index="sSingle">\
            <language index="lDEF">\
                <field index="select_single_1">\
                    <value index="vDEF">foo2</value>\
                </field>\
            </language>\
        </sheet>\
        <sheet index="sCheckbox">\
            <language index="lDEF">\
                <field index="select_checkxox_1">\
                    <value index="vDEF">2</value>\
                </field>\
            </language>\
        </sheet>\
        <sheet index="sTree">\
            <language index="lDEF">\
                <field index="select_tree_1">\
                    <value index="vDEF"></value>\
                </field>\
            </language>\
        </sheet>\
        <sheet index="sMultiplesidebyside">\
            <language index="lDEF">\
                <field index="select_multiplesidebyside_1">\
                    <value index="vDEF"></value>\
                </field>\
                <field index="select_multiplesidebyside_2">\
                    <value index="vDEF">0</value>\
                </field>\
            </language>\
        </sheet>\
    </data>\
</T3FlexForms>				\N	\N	\N	\N	\N	\N
3	132	1741947233	1741945243	1	0	128	7	1	1	{"select_tree_1":"parent"}	{"category_11":"0","category_mm":"0","hidden":"0","l10n_parent":"0","l10n_diffsource":"","sys_language_uid":"0","l10n_source":"0","select_single_1":"bar","select_single_2":"bar","select_single_3":"0","select_single_4":"foo2","select_single_5":"foo2","select_single_7":"","select_single_8":"1","select_single_10":"2","select_single_11":"2","select_single_12":"2","select_single_14":"","select_single_15":"0","select_single_16":"2","select_single_17":"2","select_single_18":"2","select_single_19":"2","select_single_20":"2","select_single_21":"3","select_singlebox_1":"2","select_singlebox_2":"2","select_singlebox_3":"2","select_checkbox_1":"2","select_checkbox_2":"2","select_checkbox_3":"2","select_checkbox_4":"2","select_checkbox_5":"1","select_checkbox_6":"1","select_checkbox_7":"2","select_multiplesidebyside_1":"2","select_multiplesidebyside_2":"1","select_multiplesidebyside_3":"2","select_multiplesidebyside_5":"2","select_multiplesidebyside_6":"0","select_multiplesidebyside_7":"2","select_multiplesidebyside_8":"0","select_multiplesidebyside_9":"2","select_multiplesidebyside_10":"2","select_tree_2":"0","select_tree_3":"86","select_tree_4":"0","select_tree_5":"0","select_tree_6":"","category_1n":"","select_requestUpdate_1":"bar","flex_1":"<?xml version=\\"1.0\\" encoding=\\"utf-8\\" standalone=\\"yes\\" ?>\\n<T3FlexForms>\\n    <data>\\n        <sheet index=\\"sSingle\\">\\n            <language index=\\"lDEF\\">\\n                <field index=\\"select_single_1\\">\\n                    <value index=\\"vDEF\\">foo2<\\/value>\\n                <\\/field>\\n            <\\/language>\\n        <\\/sheet>\\n        <sheet index=\\"sCheckbox\\">\\n            <language index=\\"lDEF\\">\\n                <field index=\\"select_checkxox_1\\">\\n                    <value index=\\"vDEF\\">2<\\/value>\\n                <\\/field>\\n            <\\/language>\\n        <\\/sheet>\\n        <sheet index=\\"sTree\\">\\n            <language index=\\"lDEF\\">\\n                <field index=\\"select_tree_1\\">\\n                    <value index=\\"vDEF\\">0<\\/value>\\n                <\\/field>\\n            <\\/language>\\n        <\\/sheet>\\n        <sheet index=\\"sMultiplesidebyside\\">\\n            <language index=\\"lDEF\\">\\n                <field index=\\"select_multiplesidebyside_1\\">\\n                    <value index=\\"vDEF\\">0<\\/value>\\n                <\\/field>\\n                <field index=\\"select_multiplesidebyside_2\\">\\n                    <value index=\\"vDEF\\">0<\\/value>\\n                <\\/field>\\n            <\\/language>\\n        <\\/sheet>\\n    <\\/data>\\n<\\/T3FlexForms>","select_tree_1":"0","select_single_13":"bar"}	0	0	0	0	bar	bar		foo2	foo2		1	2	2	2	bar		0	2	2	2	2	2	3	2	2	2	2	2	2	2	1	1	2	2	1	2	2		2	0	2	2			86				0	0	0	bar	<?xml version="1.0" encoding="utf-8" standalone="yes" ?>\
<T3FlexForms>\
    <data>\
        <sheet index="sSingle">\
            <language index="lDEF">\
                <field index="select_single_1">\
                    <value index="vDEF">foo2</value>\
                </field>\
            </language>\
        </sheet>\
        <sheet index="sCheckbox">\
            <language index="lDEF">\
                <field index="select_checkxox_1">\
                    <value index="vDEF">2</value>\
                </field>\
            </language>\
        </sheet>\
        <sheet index="sTree">\
            <language index="lDEF">\
                <field index="select_tree_1">\
                    <value index="vDEF"></value>\
                </field>\
            </language>\
        </sheet>\
        <sheet index="sMultiplesidebyside">\
            <language index="lDEF">\
                <field index="select_multiplesidebyside_1">\
                    <value index="vDEF"></value>\
                </field>\
                <field index="select_multiplesidebyside_2">\
                    <value index="vDEF">0</value>\
                </field>\
            </language>\
        </sheet>\
    </data>\
</T3FlexForms>				\N	\N	\N	\N	\N	\N
4	132	1741947233	1741945243	1	0	192	8	1	3	{"select_tree_1":"parent"}	{"category_11":"0","category_mm":"0","hidden":"0","l10n_parent":"0","l10n_diffsource":"","sys_language_uid":"0","l10n_source":"0","select_single_1":"bar","select_single_2":"bar","select_single_3":"0","select_single_4":"foo2","select_single_5":"foo2","select_single_7":"","select_single_8":"1","select_single_10":"2","select_single_11":"2","select_single_12":"2","select_single_14":"","select_single_15":"0","select_single_16":"2","select_single_17":"2","select_single_18":"2","select_single_19":"2","select_single_20":"2","select_single_21":"3","select_singlebox_1":"2","select_singlebox_2":"2","select_singlebox_3":"2","select_checkbox_1":"2","select_checkbox_2":"2","select_checkbox_3":"2","select_checkbox_4":"2","select_checkbox_5":"1","select_checkbox_6":"1","select_checkbox_7":"2","select_multiplesidebyside_1":"2","select_multiplesidebyside_2":"1","select_multiplesidebyside_3":"2","select_multiplesidebyside_5":"2","select_multiplesidebyside_6":"0","select_multiplesidebyside_7":"2","select_multiplesidebyside_8":"0","select_multiplesidebyside_9":"2","select_multiplesidebyside_10":"2","select_tree_2":"0","select_tree_3":"86","select_tree_4":"0","select_tree_5":"0","select_tree_6":"","category_1n":"","select_requestUpdate_1":"bar","flex_1":"<?xml version=\\"1.0\\" encoding=\\"utf-8\\" standalone=\\"yes\\" ?>\\n<T3FlexForms>\\n    <data>\\n        <sheet index=\\"sSingle\\">\\n            <language index=\\"lDEF\\">\\n                <field index=\\"select_single_1\\">\\n                    <value index=\\"vDEF\\">foo2<\\/value>\\n                <\\/field>\\n            <\\/language>\\n        <\\/sheet>\\n        <sheet index=\\"sCheckbox\\">\\n            <language index=\\"lDEF\\">\\n                <field index=\\"select_checkxox_1\\">\\n                    <value index=\\"vDEF\\">2<\\/value>\\n                <\\/field>\\n            <\\/language>\\n        <\\/sheet>\\n        <sheet index=\\"sTree\\">\\n            <language index=\\"lDEF\\">\\n                <field index=\\"select_tree_1\\">\\n                    <value index=\\"vDEF\\">0<\\/value>\\n                <\\/field>\\n            <\\/language>\\n        <\\/sheet>\\n        <sheet index=\\"sMultiplesidebyside\\">\\n            <language index=\\"lDEF\\">\\n                <field index=\\"select_multiplesidebyside_1\\">\\n                    <value index=\\"vDEF\\">0<\\/value>\\n                <\\/field>\\n                <field index=\\"select_multiplesidebyside_2\\">\\n                    <value index=\\"vDEF\\">0<\\/value>\\n                <\\/field>\\n            <\\/language>\\n        <\\/sheet>\\n    <\\/data>\\n<\\/T3FlexForms>","select_tree_1":"0","select_single_13":"bar"}	0	0	0	0	bar	bar		foo2	foo2		1	2	2	2	bar		0	2	2	2	2	2	3	2	2	2	2	2	2	2	1	1	2	2	1	2	2		2	0	2	2			86				0	0	0	bar	<?xml version="1.0" encoding="utf-8" standalone="yes" ?>\
<T3FlexForms>\
    <data>\
        <sheet index="sSingle">\
            <language index="lDEF">\
                <field index="select_single_1">\
                    <value index="vDEF">foo2</value>\
                </field>\
            </language>\
        </sheet>\
        <sheet index="sCheckbox">\
            <language index="lDEF">\
                <field index="select_checkxox_1">\
                    <value index="vDEF">2</value>\
                </field>\
            </language>\
        </sheet>\
        <sheet index="sTree">\
            <language index="lDEF">\
                <field index="select_tree_1">\
                    <value index="vDEF"></value>\
                </field>\
            </language>\
        </sheet>\
        <sheet index="sMultiplesidebyside">\
            <language index="lDEF">\
                <field index="select_multiplesidebyside_1">\
                    <value index="vDEF"></value>\
                </field>\
                <field index="select_multiplesidebyside_2">\
                    <value index="vDEF">0</value>\
                </field>\
            </language>\
        </sheet>\
    </data>\
</T3FlexForms>				\N	\N	\N	\N	\N	\N
5	132	1741947233	1741945243	1	0	224	9	0	4	{"select_tree_1":"parent"}	{"category_11":"0","category_mm":"0","hidden":"0","l10n_parent":"0","l10n_diffsource":"","sys_language_uid":"0","l10n_source":"0","select_single_1":"bar","select_single_2":"bar","select_single_3":"0","select_single_4":"foo2","select_single_5":"foo2","select_single_7":"","select_single_8":"1","select_single_10":"2","select_single_11":"2","select_single_12":"2","select_single_14":"","select_single_15":"0","select_single_16":"2","select_single_17":"2","select_single_18":"2","select_single_19":"2","select_single_20":"2","select_single_21":"3","select_singlebox_1":"2","select_singlebox_2":"2","select_singlebox_3":"2","select_checkbox_1":"2","select_checkbox_2":"2","select_checkbox_3":"2","select_checkbox_4":"2","select_checkbox_5":"1","select_checkbox_6":"1","select_checkbox_7":"2","select_multiplesidebyside_1":"2","select_multiplesidebyside_2":"1","select_multiplesidebyside_3":"2","select_multiplesidebyside_5":"2","select_multiplesidebyside_6":"0","select_multiplesidebyside_7":"2","select_multiplesidebyside_8":"0","select_multiplesidebyside_9":"2","select_multiplesidebyside_10":"2","select_tree_2":"0","select_tree_3":"86","select_tree_4":"0","select_tree_5":"0","select_tree_6":"","category_1n":"","select_requestUpdate_1":"bar","flex_1":"<?xml version=\\"1.0\\" encoding=\\"utf-8\\" standalone=\\"yes\\" ?>\\n<T3FlexForms>\\n    <data>\\n        <sheet index=\\"sSingle\\">\\n            <language index=\\"lDEF\\">\\n                <field index=\\"select_single_1\\">\\n                    <value index=\\"vDEF\\">foo2<\\/value>\\n                <\\/field>\\n            <\\/language>\\n        <\\/sheet>\\n        <sheet index=\\"sCheckbox\\">\\n            <language index=\\"lDEF\\">\\n                <field index=\\"select_checkxox_1\\">\\n                    <value index=\\"vDEF\\">2<\\/value>\\n                <\\/field>\\n            <\\/language>\\n        <\\/sheet>\\n        <sheet index=\\"sTree\\">\\n            <language index=\\"lDEF\\">\\n                <field index=\\"select_tree_1\\">\\n                    <value index=\\"vDEF\\">0<\\/value>\\n                <\\/field>\\n            <\\/language>\\n        <\\/sheet>\\n        <sheet index=\\"sMultiplesidebyside\\">\\n            <language index=\\"lDEF\\">\\n                <field index=\\"select_multiplesidebyside_1\\">\\n                    <value index=\\"vDEF\\">0<\\/value>\\n                <\\/field>\\n                <field index=\\"select_multiplesidebyside_2\\">\\n                    <value index=\\"vDEF\\">0<\\/value>\\n                <\\/field>\\n            <\\/language>\\n        <\\/sheet>\\n    <\\/data>\\n<\\/T3FlexForms>","select_tree_1":"0","select_single_13":"bar"}	0	0	0	0	bar	bar		foo2	foo2		1	2	2	2	bar		0	2	2	2	2	2	3	2	2	2	2	2	2	2	1	1	2	2	1	2	2		2	0	2	2			86				0	0	0	bar	<?xml version="1.0" encoding="utf-8" standalone="yes" ?>\
<T3FlexForms>\
    <data>\
        <sheet index="sSingle">\
            <language index="lDEF">\
                <field index="select_single_1">\
                    <value index="vDEF">foo2</value>\
                </field>\
            </language>\
        </sheet>\
        <sheet index="sCheckbox">\
            <language index="lDEF">\
                <field index="select_checkxox_1">\
                    <value index="vDEF">2</value>\
                </field>\
            </language>\
        </sheet>\
        <sheet index="sTree">\
            <language index="lDEF">\
                <field index="select_tree_1">\
                    <value index="vDEF"></value>\
                </field>\
            </language>\
        </sheet>\
        <sheet index="sMultiplesidebyside">\
            <language index="lDEF">\
                <field index="select_multiplesidebyside_1">\
                    <value index="vDEF"></value>\
                </field>\
                <field index="select_multiplesidebyside_2">\
                    <value index="vDEF">0</value>\
                </field>\
            </language>\
        </sheet>\
    </data>\
</T3FlexForms>				\N	\N	\N	\N	\N	\N
6	323	1741947254	1741947254	0	0	0	0	0	0	\N		0	0	0	0	bar	bar	0	foo2	foo2		1	2	2	4	bar		0	2	2	2	2	2	6	2	2	2	2	2	2	2	1	1	2	2	1	2	2	0	2	0	2	2	0	0	277	0	0		0	\N	0	bar	<?xml version="1.0" encoding="utf-8" standalone="yes" ?>\
<T3FlexForms>\
    <data>\
        <sheet index="sSingle">\
            <language index="lDEF">\
                <field index="select_single_1">\
                    <value index="vDEF">foo2</value>\
                </field>\
            </language>\
        </sheet>\
        <sheet index="sCheckbox">\
            <language index="lDEF">\
                <field index="select_checkxox_1">\
                    <value index="vDEF">2</value>\
                </field>\
            </language>\
        </sheet>\
        <sheet index="sTree">\
            <language index="lDEF">\
                <field index="select_tree_1">\
                    <value index="vDEF">0</value>\
                </field>\
            </language>\
        </sheet>\
        <sheet index="sMultiplesidebyside">\
            <language index="lDEF">\
                <field index="select_multiplesidebyside_1">\
                    <value index="vDEF">0</value>\
                </field>\
                <field index="select_multiplesidebyside_2">\
                    <value index="vDEF">0</value>\
                </field>\
            </language>\
        </sheet>\
    </data>\
</T3FlexForms>				\N	\N	\N	\N	\N	\N
7	323	1741947254	1741947254	0	0	256	6	0	6	\N		0	0	0	0	bar	bar		foo2	foo2		1	2	2	4	bar		0	2	2	2	2	2	6	2	2	2	2	2	2	2	1	1	2	2	1	2	2		2	0	2	2			277				0	0	0	bar	<?xml version="1.0" encoding="utf-8" standalone="yes" ?>\
<T3FlexForms>\
    <data>\
        <sheet index="sSingle">\
            <language index="lDEF">\
                <field index="select_single_1">\
                    <value index="vDEF">foo2</value>\
                </field>\
            </language>\
        </sheet>\
        <sheet index="sCheckbox">\
            <language index="lDEF">\
                <field index="select_checkxox_1">\
                    <value index="vDEF">2</value>\
                </field>\
            </language>\
        </sheet>\
        <sheet index="sTree">\
            <language index="lDEF">\
                <field index="select_tree_1">\
                    <value index="vDEF"></value>\
                </field>\
            </language>\
        </sheet>\
        <sheet index="sMultiplesidebyside">\
            <language index="lDEF">\
                <field index="select_multiplesidebyside_1">\
                    <value index="vDEF"></value>\
                </field>\
                <field index="select_multiplesidebyside_2">\
                    <value index="vDEF">0</value>\
                </field>\
            </language>\
        </sheet>\
    </data>\
</T3FlexForms>				\N	\N	\N	\N	\N	\N
8	323	1741947254	1741947254	0	0	128	7	6	6	{"select_tree_1":"parent"}	{"category_11":"0","category_mm":"0","hidden":"0","l10n_parent":"0","l10n_diffsource":"","sys_language_uid":"0","l10n_source":"0","select_single_1":"bar","select_single_2":"bar","select_single_3":"0","select_single_4":"foo2","select_single_5":"foo2","select_single_7":"","select_single_8":"1","select_single_10":"2","select_single_11":"2","select_single_12":"4","select_single_14":"","select_single_15":"0","select_single_16":"2","select_single_17":"2","select_single_18":"2","select_single_19":"2","select_single_20":"2","select_single_21":"6","select_singlebox_1":"2","select_singlebox_2":"2","select_singlebox_3":"2","select_checkbox_1":"2","select_checkbox_2":"2","select_checkbox_3":"2","select_checkbox_4":"2","select_checkbox_5":"1","select_checkbox_6":"1","select_checkbox_7":"2","select_multiplesidebyside_1":"2","select_multiplesidebyside_2":"1","select_multiplesidebyside_3":"2","select_multiplesidebyside_5":"2","select_multiplesidebyside_6":"0","select_multiplesidebyside_7":"2","select_multiplesidebyside_8":"0","select_multiplesidebyside_9":"2","select_multiplesidebyside_10":"2","select_tree_2":"0","select_tree_3":"277","select_tree_4":"0","select_tree_5":"0","select_tree_6":"","category_1n":"","select_requestUpdate_1":"bar","flex_1":"<?xml version=\\"1.0\\" encoding=\\"utf-8\\" standalone=\\"yes\\" ?>\\n<T3FlexForms>\\n    <data>\\n        <sheet index=\\"sSingle\\">\\n            <language index=\\"lDEF\\">\\n                <field index=\\"select_single_1\\">\\n                    <value index=\\"vDEF\\">foo2<\\/value>\\n                <\\/field>\\n            <\\/language>\\n        <\\/sheet>\\n        <sheet index=\\"sCheckbox\\">\\n            <language index=\\"lDEF\\">\\n                <field index=\\"select_checkxox_1\\">\\n                    <value index=\\"vDEF\\">2<\\/value>\\n                <\\/field>\\n            <\\/language>\\n        <\\/sheet>\\n        <sheet index=\\"sTree\\">\\n            <language index=\\"lDEF\\">\\n                <field index=\\"select_tree_1\\">\\n                    <value index=\\"vDEF\\">0<\\/value>\\n                <\\/field>\\n            <\\/language>\\n        <\\/sheet>\\n        <sheet index=\\"sMultiplesidebyside\\">\\n            <language index=\\"lDEF\\">\\n                <field index=\\"select_multiplesidebyside_1\\">\\n                    <value index=\\"vDEF\\">0<\\/value>\\n                <\\/field>\\n                <field index=\\"select_multiplesidebyside_2\\">\\n                    <value index=\\"vDEF\\">0<\\/value>\\n                <\\/field>\\n            <\\/language>\\n        <\\/sheet>\\n    <\\/data>\\n<\\/T3FlexForms>","select_tree_1":"0","select_single_13":"bar"}	0	0	0	0	bar	bar		foo2	foo2		1	2	2	4	bar		0	2	2	2	2	2	6	2	2	2	2	2	2	2	1	1	2	2	1	2	2		2	0	2	2			277				0	0	0	bar	<?xml version="1.0" encoding="utf-8" standalone="yes" ?>\
<T3FlexForms>\
    <data>\
        <sheet index="sSingle">\
            <language index="lDEF">\
                <field index="select_single_1">\
                    <value index="vDEF">foo2</value>\
                </field>\
            </language>\
        </sheet>\
        <sheet index="sCheckbox">\
            <language index="lDEF">\
                <field index="select_checkxox_1">\
                    <value index="vDEF">2</value>\
                </field>\
            </language>\
        </sheet>\
        <sheet index="sTree">\
            <language index="lDEF">\
                <field index="select_tree_1">\
                    <value index="vDEF"></value>\
                </field>\
            </language>\
        </sheet>\
        <sheet index="sMultiplesidebyside">\
            <language index="lDEF">\
                <field index="select_multiplesidebyside_1">\
                    <value index="vDEF"></value>\
                </field>\
                <field index="select_multiplesidebyside_2">\
                    <value index="vDEF">0</value>\
                </field>\
            </language>\
        </sheet>\
    </data>\
</T3FlexForms>				\N	\N	\N	\N	\N	\N
9	323	1741947254	1741947254	0	0	192	8	6	8	{"select_tree_1":"parent"}	{"category_11":"0","category_mm":"0","hidden":"0","l10n_parent":"0","l10n_diffsource":"","sys_language_uid":"0","l10n_source":"0","select_single_1":"bar","select_single_2":"bar","select_single_3":"0","select_single_4":"foo2","select_single_5":"foo2","select_single_7":"","select_single_8":"1","select_single_10":"2","select_single_11":"2","select_single_12":"4","select_single_14":"","select_single_15":"0","select_single_16":"2","select_single_17":"2","select_single_18":"2","select_single_19":"2","select_single_20":"2","select_single_21":"6","select_singlebox_1":"2","select_singlebox_2":"2","select_singlebox_3":"2","select_checkbox_1":"2","select_checkbox_2":"2","select_checkbox_3":"2","select_checkbox_4":"2","select_checkbox_5":"1","select_checkbox_6":"1","select_checkbox_7":"2","select_multiplesidebyside_1":"2","select_multiplesidebyside_2":"1","select_multiplesidebyside_3":"2","select_multiplesidebyside_5":"2","select_multiplesidebyside_6":"0","select_multiplesidebyside_7":"2","select_multiplesidebyside_8":"0","select_multiplesidebyside_9":"2","select_multiplesidebyside_10":"2","select_tree_2":"0","select_tree_3":"277","select_tree_4":"0","select_tree_5":"0","select_tree_6":"","category_1n":"","select_requestUpdate_1":"bar","flex_1":"<?xml version=\\"1.0\\" encoding=\\"utf-8\\" standalone=\\"yes\\" ?>\\n<T3FlexForms>\\n    <data>\\n        <sheet index=\\"sSingle\\">\\n            <language index=\\"lDEF\\">\\n                <field index=\\"select_single_1\\">\\n                    <value index=\\"vDEF\\">foo2<\\/value>\\n                <\\/field>\\n            <\\/language>\\n        <\\/sheet>\\n        <sheet index=\\"sCheckbox\\">\\n            <language index=\\"lDEF\\">\\n                <field index=\\"select_checkxox_1\\">\\n                    <value index=\\"vDEF\\">2<\\/value>\\n                <\\/field>\\n            <\\/language>\\n        <\\/sheet>\\n        <sheet index=\\"sTree\\">\\n            <language index=\\"lDEF\\">\\n                <field index=\\"select_tree_1\\">\\n                    <value index=\\"vDEF\\">0<\\/value>\\n                <\\/field>\\n            <\\/language>\\n        <\\/sheet>\\n        <sheet index=\\"sMultiplesidebyside\\">\\n            <language index=\\"lDEF\\">\\n                <field index=\\"select_multiplesidebyside_1\\">\\n                    <value index=\\"vDEF\\">0<\\/value>\\n                <\\/field>\\n                <field index=\\"select_multiplesidebyside_2\\">\\n                    <value index=\\"vDEF\\">0<\\/value>\\n                <\\/field>\\n            <\\/language>\\n        <\\/sheet>\\n    <\\/data>\\n<\\/T3FlexForms>","select_tree_1":"0","select_single_13":"bar"}	0	0	0	0	bar	bar		foo2	foo2		1	2	2	4	bar		0	2	2	2	2	2	6	2	2	2	2	2	2	2	1	1	2	2	1	2	2		2	0	2	2			277				0	0	0	bar	<?xml version="1.0" encoding="utf-8" standalone="yes" ?>\
<T3FlexForms>\
    <data>\
        <sheet index="sSingle">\
            <language index="lDEF">\
                <field index="select_single_1">\
                    <value index="vDEF">foo2</value>\
                </field>\
            </language>\
        </sheet>\
        <sheet index="sCheckbox">\
            <language index="lDEF">\
                <field index="select_checkxox_1">\
                    <value index="vDEF">2</value>\
                </field>\
            </language>\
        </sheet>\
        <sheet index="sTree">\
            <language index="lDEF">\
                <field index="select_tree_1">\
                    <value index="vDEF"></value>\
                </field>\
            </language>\
        </sheet>\
        <sheet index="sMultiplesidebyside">\
            <language index="lDEF">\
                <field index="select_multiplesidebyside_1">\
                    <value index="vDEF"></value>\
                </field>\
                <field index="select_multiplesidebyside_2">\
                    <value index="vDEF">0</value>\
                </field>\
            </language>\
        </sheet>\
    </data>\
</T3FlexForms>				\N	\N	\N	\N	\N	\N
10	323	1741947254	1741947254	0	0	224	9	0	9	{"select_tree_1":"parent"}	{"category_11":"0","category_mm":"0","hidden":"0","l10n_parent":"0","l10n_diffsource":"","sys_language_uid":"0","l10n_source":"0","select_single_1":"bar","select_single_2":"bar","select_single_3":"0","select_single_4":"foo2","select_single_5":"foo2","select_single_7":"","select_single_8":"1","select_single_10":"2","select_single_11":"2","select_single_12":"4","select_single_14":"","select_single_15":"0","select_single_16":"2","select_single_17":"2","select_single_18":"2","select_single_19":"2","select_single_20":"2","select_single_21":"6","select_singlebox_1":"2","select_singlebox_2":"2","select_singlebox_3":"2","select_checkbox_1":"2","select_checkbox_2":"2","select_checkbox_3":"2","select_checkbox_4":"2","select_checkbox_5":"1","select_checkbox_6":"1","select_checkbox_7":"2","select_multiplesidebyside_1":"2","select_multiplesidebyside_2":"1","select_multiplesidebyside_3":"2","select_multiplesidebyside_5":"2","select_multiplesidebyside_6":"0","select_multiplesidebyside_7":"2","select_multiplesidebyside_8":"0","select_multiplesidebyside_9":"2","select_multiplesidebyside_10":"2","select_tree_2":"0","select_tree_3":"277","select_tree_4":"0","select_tree_5":"0","select_tree_6":"","category_1n":"","select_requestUpdate_1":"bar","flex_1":"<?xml version=\\"1.0\\" encoding=\\"utf-8\\" standalone=\\"yes\\" ?>\\n<T3FlexForms>\\n    <data>\\n        <sheet index=\\"sSingle\\">\\n            <language index=\\"lDEF\\">\\n                <field index=\\"select_single_1\\">\\n                    <value index=\\"vDEF\\">foo2<\\/value>\\n                <\\/field>\\n            <\\/language>\\n        <\\/sheet>\\n        <sheet index=\\"sCheckbox\\">\\n            <language index=\\"lDEF\\">\\n                <field index=\\"select_checkxox_1\\">\\n                    <value index=\\"vDEF\\">2<\\/value>\\n                <\\/field>\\n            <\\/language>\\n        <\\/sheet>\\n        <sheet index=\\"sTree\\">\\n            <language index=\\"lDEF\\">\\n                <field index=\\"select_tree_1\\">\\n                    <value index=\\"vDEF\\">0<\\/value>\\n                <\\/field>\\n            <\\/language>\\n        <\\/sheet>\\n        <sheet index=\\"sMultiplesidebyside\\">\\n            <language index=\\"lDEF\\">\\n                <field index=\\"select_multiplesidebyside_1\\">\\n                    <value index=\\"vDEF\\">0<\\/value>\\n                <\\/field>\\n                <field index=\\"select_multiplesidebyside_2\\">\\n                    <value index=\\"vDEF\\">0<\\/value>\\n                <\\/field>\\n            <\\/language>\\n        <\\/sheet>\\n    <\\/data>\\n<\\/T3FlexForms>","select_tree_1":"0","select_single_13":"bar"}	0	0	0	0	bar	bar		foo2	foo2		1	2	2	4	bar		0	2	2	2	2	2	6	2	2	2	2	2	2	2	1	1	2	2	1	2	2		2	0	2	2			277				0	0	0	bar	<?xml version="1.0" encoding="utf-8" standalone="yes" ?>\
<T3FlexForms>\
    <data>\
        <sheet index="sSingle">\
            <language index="lDEF">\
                <field index="select_single_1">\
                    <value index="vDEF">foo2</value>\
                </field>\
            </language>\
        </sheet>\
        <sheet index="sCheckbox">\
            <language index="lDEF">\
                <field index="select_checkxox_1">\
                    <value index="vDEF">2</value>\
                </field>\
            </language>\
        </sheet>\
        <sheet index="sTree">\
            <language index="lDEF">\
                <field index="select_tree_1">\
                    <value index="vDEF"></value>\
                </field>\
            </language>\
        </sheet>\
        <sheet index="sMultiplesidebyside">\
            <language index="lDEF">\
                <field index="select_multiplesidebyside_1">\
                    <value index="vDEF"></value>\
                </field>\
                <field index="select_multiplesidebyside_2">\
                    <value index="vDEF">0</value>\
                </field>\
            </language>\
        </sheet>\
    </data>\
</T3FlexForms>				\N	\N	\N	\N	\N	\N
