1	127	1741947233	1741945243	1	0	0	0	0	0	\N		0	0	0	0	Bacon ipsum dolor sit strong amet capicola jerky pork chop rump shoulder shank. Shankle strip steak pig salami link.	rte_2	Bacon ipsum dolor sit strong amet capicola jerky pork chop rump shoulder shank. Shankle strip steak pig salami link.	Bacon ipsum dolor sit strong amet capicola jerky pork chop rump shoulder shank. Shankle strip steak pig salami link.	Bacon ipsum dolor sit strong amet capicola jerky pork chop rump shoulder shank. Shankle strip steak pig salami link.	1	<?xml version="1.0" encoding="utf-8" standalone="yes" ?>\
<T3FlexForms>\
    <data>\
        <sheet index="sGeneral">\
            <language index="lDEF">\
                <field index="rte_1">\
                    <value index="vDEF">Bacon ipsum dolor sit strong amet capicola jerky pork chop rump shoulder shank. Shankle strip steak pig salami link.</value>\
                </field>\
                <field index="rte.2">\
                    <value index="vDEF">Bacon ipsum dolor sit strong amet capicola jerky pork chop rump shoulder shank. Shankle strip steak pig salami link.</value>\
                </field>\
            </language>\
        </sheet>\
        <sheet index="sSections">\
            <language index="lDEF">\
                <field index="section_1">\
                    <el index="el">\
                        <section index="1">\
                            <itemType index="container_1">\
                                <el>\
                                    <field index="rte_1">\
                                        <value index="vDEF">Bacon ipsum dolor sit strong amet capicola jerky pork chop rump shoulder shank. Shankle strip steak pig salami link.</value>\
                                    </field>\
                                </el>\
                            </itemType>\
                        </section>\
                    </el>\
                </field>\
            </language>\
        </sheet>\
        <sheet index="sInline">\
            <language index="lDEF">\
                <field index="inline_1">\
                    <value index="vDEF">1</value>\
                </field>\
            </language>\
        </sheet>\
    </data>\
</T3FlexForms>	lipsum	Bacon ipsum dolor sit strong amet capicola jerky pork chop rump shoulder shank. Shankle strip steak pig salami link.	\N	\N	\N	\N	\N	\N	\N	\N	\N	\N
2	127	1741947233	1741945243	1	0	256	6	0	1	\N		0	0	0	0	Bacon ipsum dolor sit strong amet capicola jerky pork chop rump shoulder shank. Shankle strip steak pig salami link.	rte_2	Bacon ipsum dolor sit strong amet capicola jerky pork chop rump shoulder shank. Shankle strip steak pig salami link.	Bacon ipsum dolor sit strong amet capicola jerky pork chop rump shoulder shank. Shankle strip steak pig salami link.	Bacon ipsum dolor sit strong amet capicola jerky pork chop rump shoulder shank. Shankle strip steak pig salami link.	1	<?xml version="1.0" encoding="utf-8" standalone="yes" ?>\
<T3FlexForms>\
    <data>\
        <sheet index="sGeneral">\
            <language index="lDEF">\
                <field index="rte_1">\
                    <value index="vDEF">Bacon ipsum dolor sit strong amet capicola jerky pork chop rump shoulder shank. Shankle strip steak pig salami link.</value>\
                </field>\
                <field index="rte.2">\
                    <value index="vDEF">Bacon ipsum dolor sit strong amet capicola jerky pork chop rump shoulder shank. Shankle strip steak pig salami link.</value>\
                </field>\
            </language>\
        </sheet>\
        <sheet index="sSections">\
            <language index="lDEF">\
                <field index="section_1">\
                    <el index="el">\
                        <section index="1">\
                            <itemType index="container_1">\
                                <el>\
                                    <field index="rte_1">\
                                        <value index="vDEF">Bacon ipsum dolor sit strong amet capicola jerky pork chop rump shoulder shank. Shankle strip steak pig salami link.</value>\
                                    </field>\
                                </el>\
                            </itemType>\
                        </section>\
                    </el>\
                </field>\
            </language>\
        </sheet>\
        <sheet index="sInline">\
            <language index="lDEF">\
                <field index="inline_1">\
                    <value index="vDEF">1</value>\
                </field>\
            </language>\
        </sheet>\
    </data>\
</T3FlexForms>	lipsum	Bacon ipsum dolor sit strong amet capicola jerky pork chop rump shoulder shank. Shankle strip steak pig salami link.	\N	\N	\N	\N	\N	\N	\N	\N	\N	\N
3	127	1741947233	1741945243	1	0	128	7	1	1	\N	{"rte_2":"rte_2","hidden":"0","l10n_parent":"0","l10n_diffsource":"","sys_language_uid":"0","l10n_source":"0","rte_1":"Bacon ipsum dolor sit strong amet capicola jerky pork chop rump shoulder shank. Shankle strip steak pig salami link.","rte_3":"Bacon ipsum dolor sit strong amet capicola jerky pork chop rump shoulder shank. Shankle strip steak pig salami link.","rte_4":"Bacon ipsum dolor sit strong amet capicola jerky pork chop rump shoulder shank. Shankle strip steak pig salami link.","rte_5":"Bacon ipsum dolor sit strong amet capicola jerky pork chop rump shoulder shank. Shankle strip steak pig salami link.","rte_inline_1":"1","rte_flex_1":"<?xml version=\\"1.0\\" encoding=\\"utf-8\\" standalone=\\"yes\\" ?>\\n<T3FlexForms>\\n    <data>\\n        <sheet index=\\"sGeneral\\">\\n            <language index=\\"lDEF\\">\\n                <field index=\\"rte_1\\">\\n                    <value index=\\"vDEF\\">Bacon ipsum dolor sit strong amet capicola jerky pork chop rump shoulder shank. Shankle strip steak pig salami link.<\\/value>\\n                <\\/field>\\n                <field index=\\"rte.2\\">\\n                    <value index=\\"vDEF\\">Bacon ipsum dolor sit strong amet capicola jerky pork chop rump shoulder shank. Shankle strip steak pig salami link.<\\/value>\\n                <\\/field>\\n            <\\/language>\\n        <\\/sheet>\\n        <sheet index=\\"sSections\\">\\n            <language index=\\"lDEF\\">\\n                <field index=\\"section_1\\">\\n                    <el index=\\"el\\">\\n                        <section index=\\"1\\">\\n                            <itemType index=\\"container_1\\">\\n                                <el>\\n                                    <field index=\\"rte_1\\">\\n                                        <value index=\\"vDEF\\">Bacon ipsum dolor sit strong amet capicola jerky pork chop rump shoulder shank. Shankle strip steak pig salami link.<\\/value>\\n                                    <\\/field>\\n                                <\\/el>\\n                            <\\/itemType>\\n                        <\\/section>\\n                    <\\/el>\\n                <\\/field>\\n            <\\/language>\\n        <\\/sheet>\\n        <sheet index=\\"sInline\\">\\n            <language index=\\"lDEF\\">\\n                <field index=\\"inline_1\\">\\n                    <value index=\\"vDEF\\">1<\\/value>\\n                <\\/field>\\n            <\\/language>\\n        <\\/sheet>\\n    <\\/data>\\n<\\/T3FlexForms>","input_palette_1":"lipsum","rte_palette_1":"Bacon ipsum dolor sit strong amet capicola jerky pork chop rump shoulder shank. Shankle strip steak pig salami link."}	0	0	0	0	Bacon ipsum dolor sit strong amet capicola jerky pork chop rump shoulder shank. Shankle strip steak pig salami link.	rte_2	Bacon ipsum dolor sit strong amet capicola jerky pork chop rump shoulder shank. Shankle strip steak pig salami link.	Bacon ipsum dolor sit strong amet capicola jerky pork chop rump shoulder shank. Shankle strip steak pig salami link.	Bacon ipsum dolor sit strong amet capicola jerky pork chop rump shoulder shank. Shankle strip steak pig salami link.	1	<?xml version="1.0" encoding="utf-8" standalone="yes" ?>\
<T3FlexForms>\
    <data>\
        <sheet index="sGeneral">\
            <language index="lDEF">\
                <field index="rte_1">\
                    <value index="vDEF">Bacon ipsum dolor sit strong amet capicola jerky pork chop rump shoulder shank. Shankle strip steak pig salami link.</value>\
                </field>\
                <field index="rte.2">\
                    <value index="vDEF">Bacon ipsum dolor sit strong amet capicola jerky pork chop rump shoulder shank. Shankle strip steak pig salami link.</value>\
                </field>\
            </language>\
        </sheet>\
        <sheet index="sSections">\
            <language index="lDEF">\
                <field index="section_1">\
                    <el index="el">\
                        <section index="1">\
                            <itemType index="container_1">\
                                <el>\
                                    <field index="rte_1">\
                                        <value index="vDEF">Bacon ipsum dolor sit strong amet capicola jerky pork chop rump shoulder shank. Shankle strip steak pig salami link.</value>\
                                    </field>\
                                </el>\
                            </itemType>\
                        </section>\
                    </el>\
                </field>\
            </language>\
        </sheet>\
        <sheet index="sInline">\
            <language index="lDEF">\
                <field index="inline_1">\
                    <value index="vDEF">1</value>\
                </field>\
            </language>\
        </sheet>\
    </data>\
</T3FlexForms>	lipsum	Bacon ipsum dolor sit strong amet capicola jerky pork chop rump shoulder shank. Shankle strip steak pig salami link.	\N	\N	\N	\N	\N	\N	\N	\N	\N	\N
4	127	1741947233	1741945243	1	0	192	8	1	3	\N	{"rte_2":"rte_2","hidden":"0","l10n_parent":"0","l10n_diffsource":"","sys_language_uid":"0","l10n_source":"0","rte_1":"Bacon ipsum dolor sit strong amet capicola jerky pork chop rump shoulder shank. Shankle strip steak pig salami link.","rte_3":"Bacon ipsum dolor sit strong amet capicola jerky pork chop rump shoulder shank. Shankle strip steak pig salami link.","rte_4":"Bacon ipsum dolor sit strong amet capicola jerky pork chop rump shoulder shank. Shankle strip steak pig salami link.","rte_5":"Bacon ipsum dolor sit strong amet capicola jerky pork chop rump shoulder shank. Shankle strip steak pig salami link.","rte_inline_1":"1","rte_flex_1":"<?xml version=\\"1.0\\" encoding=\\"utf-8\\" standalone=\\"yes\\" ?>\\n<T3FlexForms>\\n    <data>\\n        <sheet index=\\"sGeneral\\">\\n            <language index=\\"lDEF\\">\\n                <field index=\\"rte_1\\">\\n                    <value index=\\"vDEF\\">Bacon ipsum dolor sit strong amet capicola jerky pork chop rump shoulder shank. Shankle strip steak pig salami link.<\\/value>\\n                <\\/field>\\n                <field index=\\"rte.2\\">\\n                    <value index=\\"vDEF\\">Bacon ipsum dolor sit strong amet capicola jerky pork chop rump shoulder shank. Shankle strip steak pig salami link.<\\/value>\\n                <\\/field>\\n            <\\/language>\\n        <\\/sheet>\\n        <sheet index=\\"sSections\\">\\n            <language index=\\"lDEF\\">\\n                <field index=\\"section_1\\">\\n                    <el index=\\"el\\">\\n                        <section index=\\"1\\">\\n                            <itemType index=\\"container_1\\">\\n                                <el>\\n                                    <field index=\\"rte_1\\">\\n                                        <value index=\\"vDEF\\">Bacon ipsum dolor sit strong amet capicola jerky pork chop rump shoulder shank. Shankle strip steak pig salami link.<\\/value>\\n                                    <\\/field>\\n                                <\\/el>\\n                            <\\/itemType>\\n                        <\\/section>\\n                    <\\/el>\\n                <\\/field>\\n            <\\/language>\\n        <\\/sheet>\\n        <sheet index=\\"sInline\\">\\n            <language index=\\"lDEF\\">\\n                <field index=\\"inline_1\\">\\n                    <value index=\\"vDEF\\">1<\\/value>\\n                <\\/field>\\n            <\\/language>\\n        <\\/sheet>\\n    <\\/data>\\n<\\/T3FlexForms>","input_palette_1":"lipsum","rte_palette_1":"Bacon ipsum dolor sit strong amet capicola jerky pork chop rump shoulder shank. Shankle strip steak pig salami link."}	0	0	0	0	Bacon ipsum dolor sit strong amet capicola jerky pork chop rump shoulder shank. Shankle strip steak pig salami link.	rte_2	Bacon ipsum dolor sit strong amet capicola jerky pork chop rump shoulder shank. Shankle strip steak pig salami link.	Bacon ipsum dolor sit strong amet capicola jerky pork chop rump shoulder shank. Shankle strip steak pig salami link.	Bacon ipsum dolor sit strong amet capicola jerky pork chop rump shoulder shank. Shankle strip steak pig salami link.	1	<?xml version="1.0" encoding="utf-8" standalone="yes" ?>\
<T3FlexForms>\
    <data>\
        <sheet index="sGeneral">\
            <language index="lDEF">\
                <field index="rte_1">\
                    <value index="vDEF">Bacon ipsum dolor sit strong amet capicola jerky pork chop rump shoulder shank. Shankle strip steak pig salami link.</value>\
                </field>\
                <field index="rte.2">\
                    <value index="vDEF">Bacon ipsum dolor sit strong amet capicola jerky pork chop rump shoulder shank. Shankle strip steak pig salami link.</value>\
                </field>\
            </language>\
        </sheet>\
        <sheet index="sSections">\
            <language index="lDEF">\
                <field index="section_1">\
                    <el index="el">\
                        <section index="1">\
                            <itemType index="container_1">\
                                <el>\
                                    <field index="rte_1">\
                                        <value index="vDEF">Bacon ipsum dolor sit strong amet capicola jerky pork chop rump shoulder shank. Shankle strip steak pig salami link.</value>\
                                    </field>\
                                </el>\
                            </itemType>\
                        </section>\
                    </el>\
                </field>\
            </language>\
        </sheet>\
        <sheet index="sInline">\
            <language index="lDEF">\
                <field index="inline_1">\
                    <value index="vDEF">1</value>\
                </field>\
            </language>\
        </sheet>\
    </data>\
</T3FlexForms>	lipsum	Bacon ipsum dolor sit strong amet capicola jerky pork chop rump shoulder shank. Shankle strip steak pig salami link.	\N	\N	\N	\N	\N	\N	\N	\N	\N	\N
5	127	1741947233	1741945243	1	0	224	9	0	4	\N	{"rte_2":"rte_2","hidden":"0","l10n_parent":"0","l10n_diffsource":"","sys_language_uid":"0","l10n_source":"0","rte_1":"Bacon ipsum dolor sit strong amet capicola jerky pork chop rump shoulder shank. Shankle strip steak pig salami link.","rte_3":"Bacon ipsum dolor sit strong amet capicola jerky pork chop rump shoulder shank. Shankle strip steak pig salami link.","rte_4":"Bacon ipsum dolor sit strong amet capicola jerky pork chop rump shoulder shank. Shankle strip steak pig salami link.","rte_5":"Bacon ipsum dolor sit strong amet capicola jerky pork chop rump shoulder shank. Shankle strip steak pig salami link.","rte_inline_1":"1","rte_flex_1":"<?xml version=\\"1.0\\" encoding=\\"utf-8\\" standalone=\\"yes\\" ?>\\n<T3FlexForms>\\n    <data>\\n        <sheet index=\\"sGeneral\\">\\n            <language index=\\"lDEF\\">\\n                <field index=\\"rte_1\\">\\n                    <value index=\\"vDEF\\">Bacon ipsum dolor sit strong amet capicola jerky pork chop rump shoulder shank. Shankle strip steak pig salami link.<\\/value>\\n                <\\/field>\\n                <field index=\\"rte.2\\">\\n                    <value index=\\"vDEF\\">Bacon ipsum dolor sit strong amet capicola jerky pork chop rump shoulder shank. Shankle strip steak pig salami link.<\\/value>\\n                <\\/field>\\n            <\\/language>\\n        <\\/sheet>\\n        <sheet index=\\"sSections\\">\\n            <language index=\\"lDEF\\">\\n                <field index=\\"section_1\\">\\n                    <el index=\\"el\\">\\n                        <section index=\\"1\\">\\n                            <itemType index=\\"container_1\\">\\n                                <el>\\n                                    <field index=\\"rte_1\\">\\n                                        <value index=\\"vDEF\\">Bacon ipsum dolor sit strong amet capicola jerky pork chop rump shoulder shank. Shankle strip steak pig salami link.<\\/value>\\n                                    <\\/field>\\n                                <\\/el>\\n                            <\\/itemType>\\n                        <\\/section>\\n                    <\\/el>\\n                <\\/field>\\n            <\\/language>\\n        <\\/sheet>\\n        <sheet index=\\"sInline\\">\\n            <language index=\\"lDEF\\">\\n                <field index=\\"inline_1\\">\\n                    <value index=\\"vDEF\\">1<\\/value>\\n                <\\/field>\\n            <\\/language>\\n        <\\/sheet>\\n    <\\/data>\\n<\\/T3FlexForms>","input_palette_1":"lipsum","rte_palette_1":"Bacon ipsum dolor sit strong amet capicola jerky pork chop rump shoulder shank. Shankle strip steak pig salami link."}	0	0	0	0	Bacon ipsum dolor sit strong amet capicola jerky pork chop rump shoulder shank. Shankle strip steak pig salami link.	rte_2	Bacon ipsum dolor sit strong amet capicola jerky pork chop rump shoulder shank. Shankle strip steak pig salami link.	Bacon ipsum dolor sit strong amet capicola jerky pork chop rump shoulder shank. Shankle strip steak pig salami link.	Bacon ipsum dolor sit strong amet capicola jerky pork chop rump shoulder shank. Shankle strip steak pig salami link.	1	<?xml version="1.0" encoding="utf-8" standalone="yes" ?>\
<T3FlexForms>\
    <data>\
        <sheet index="sGeneral">\
            <language index="lDEF">\
                <field index="rte_1">\
                    <value index="vDEF">Bacon ipsum dolor sit strong amet capicola jerky pork chop rump shoulder shank. Shankle strip steak pig salami link.</value>\
                </field>\
                <field index="rte.2">\
                    <value index="vDEF">Bacon ipsum dolor sit strong amet capicola jerky pork chop rump shoulder shank. Shankle strip steak pig salami link.</value>\
                </field>\
            </language>\
        </sheet>\
        <sheet index="sSections">\
            <language index="lDEF">\
                <field index="section_1">\
                    <el index="el">\
                        <section index="1">\
                            <itemType index="container_1">\
                                <el>\
                                    <field index="rte_1">\
                                        <value index="vDEF">Bacon ipsum dolor sit strong amet capicola jerky pork chop rump shoulder shank. Shankle strip steak pig salami link.</value>\
                                    </field>\
                                </el>\
                            </itemType>\
                        </section>\
                    </el>\
                </field>\
            </language>\
        </sheet>\
        <sheet index="sInline">\
            <language index="lDEF">\
                <field index="inline_1">\
                    <value index="vDEF">1</value>\
                </field>\
            </language>\
        </sheet>\
    </data>\
</T3FlexForms>	lipsum	Bacon ipsum dolor sit strong amet capicola jerky pork chop rump shoulder shank. Shankle strip steak pig salami link.	\N	\N	\N	\N	\N	\N	\N	\N	\N	\N
6	318	1741947254	1741947254	0	0	0	0	0	0	\N		0	0	0	0	Bacon ipsum dolor sit strong amet capicola jerky pork chop rump shoulder shank. Shankle strip steak pig salami link.	rte_2	Bacon ipsum dolor sit strong amet capicola jerky pork chop rump shoulder shank. Shankle strip steak pig salami link.	Bacon ipsum dolor sit strong amet capicola jerky pork chop rump shoulder shank. Shankle strip steak pig salami link.	Bacon ipsum dolor sit strong amet capicola jerky pork chop rump shoulder shank. Shankle strip steak pig salami link.	1	<?xml version="1.0" encoding="utf-8" standalone="yes" ?>\
<T3FlexForms>\
    <data>\
        <sheet index="sGeneral">\
            <language index="lDEF">\
                <field index="rte_1">\
                    <value index="vDEF">Bacon ipsum dolor sit strong amet capicola jerky pork chop rump shoulder shank. Shankle strip steak pig salami link.</value>\
                </field>\
                <field index="rte.2">\
                    <value index="vDEF">Bacon ipsum dolor sit strong amet capicola jerky pork chop rump shoulder shank. Shankle strip steak pig salami link.</value>\
                </field>\
            </language>\
        </sheet>\
        <sheet index="sSections">\
            <language index="lDEF">\
                <field index="section_1">\
                    <el index="el">\
                        <section index="1">\
                            <itemType index="container_1">\
                                <el>\
                                    <field index="rte_1">\
                                        <value index="vDEF">Bacon ipsum dolor sit strong amet capicola jerky pork chop rump shoulder shank. Shankle strip steak pig salami link.</value>\
                                    </field>\
                                </el>\
                            </itemType>\
                        </section>\
                    </el>\
                </field>\
            </language>\
        </sheet>\
        <sheet index="sInline">\
            <language index="lDEF">\
                <field index="inline_1">\
                    <value index="vDEF">1</value>\
                </field>\
            </language>\
        </sheet>\
    </data>\
</T3FlexForms>	lipsum	Bacon ipsum dolor sit strong amet capicola jerky pork chop rump shoulder shank. Shankle strip steak pig salami link.	\N	\N	\N	\N	\N	\N	\N	\N	\N	\N
7	318	1741947254	1741947254	0	0	256	6	0	6	\N		0	0	0	0	Bacon ipsum dolor sit strong amet capicola jerky pork chop rump shoulder shank. Shankle strip steak pig salami link.	rte_2	Bacon ipsum dolor sit strong amet capicola jerky pork chop rump shoulder shank. Shankle strip steak pig salami link.	Bacon ipsum dolor sit strong amet capicola jerky pork chop rump shoulder shank. Shankle strip steak pig salami link.	Bacon ipsum dolor sit strong amet capicola jerky pork chop rump shoulder shank. Shankle strip steak pig salami link.	1	<?xml version="1.0" encoding="utf-8" standalone="yes" ?>\
<T3FlexForms>\
    <data>\
        <sheet index="sGeneral">\
            <language index="lDEF">\
                <field index="rte_1">\
                    <value index="vDEF">Bacon ipsum dolor sit strong amet capicola jerky pork chop rump shoulder shank. Shankle strip steak pig salami link.</value>\
                </field>\
                <field index="rte.2">\
                    <value index="vDEF">Bacon ipsum dolor sit strong amet capicola jerky pork chop rump shoulder shank. Shankle strip steak pig salami link.</value>\
                </field>\
            </language>\
        </sheet>\
        <sheet index="sSections">\
            <language index="lDEF">\
                <field index="section_1">\
                    <el index="el">\
                        <section index="1">\
                            <itemType index="container_1">\
                                <el>\
                                    <field index="rte_1">\
                                        <value index="vDEF">Bacon ipsum dolor sit strong amet capicola jerky pork chop rump shoulder shank. Shankle strip steak pig salami link.</value>\
                                    </field>\
                                </el>\
                            </itemType>\
                        </section>\
                    </el>\
                </field>\
            </language>\
        </sheet>\
        <sheet index="sInline">\
            <language index="lDEF">\
                <field index="inline_1">\
                    <value index="vDEF">1</value>\
                </field>\
            </language>\
        </sheet>\
    </data>\
</T3FlexForms>	lipsum	Bacon ipsum dolor sit strong amet capicola jerky pork chop rump shoulder shank. Shankle strip steak pig salami link.	\N	\N	\N	\N	\N	\N	\N	\N	\N	\N
8	318	1741947254	1741947254	0	0	128	7	6	6	\N	{"rte_2":"rte_2","hidden":"0","l10n_parent":"0","l10n_diffsource":"","sys_language_uid":"0","l10n_source":"0","rte_1":"Bacon ipsum dolor sit strong amet capicola jerky pork chop rump shoulder shank. Shankle strip steak pig salami link.","rte_3":"Bacon ipsum dolor sit strong amet capicola jerky pork chop rump shoulder shank. Shankle strip steak pig salami link.","rte_4":"Bacon ipsum dolor sit strong amet capicola jerky pork chop rump shoulder shank. Shankle strip steak pig salami link.","rte_5":"Bacon ipsum dolor sit strong amet capicola jerky pork chop rump shoulder shank. Shankle strip steak pig salami link.","rte_inline_1":"1","rte_flex_1":"<?xml version=\\"1.0\\" encoding=\\"utf-8\\" standalone=\\"yes\\" ?>\\n<T3FlexForms>\\n    <data>\\n        <sheet index=\\"sGeneral\\">\\n            <language index=\\"lDEF\\">\\n                <field index=\\"rte_1\\">\\n                    <value index=\\"vDEF\\">Bacon ipsum dolor sit strong amet capicola jerky pork chop rump shoulder shank. Shankle strip steak pig salami link.<\\/value>\\n                <\\/field>\\n                <field index=\\"rte.2\\">\\n                    <value index=\\"vDEF\\">Bacon ipsum dolor sit strong amet capicola jerky pork chop rump shoulder shank. Shankle strip steak pig salami link.<\\/value>\\n                <\\/field>\\n            <\\/language>\\n        <\\/sheet>\\n        <sheet index=\\"sSections\\">\\n            <language index=\\"lDEF\\">\\n                <field index=\\"section_1\\">\\n                    <el index=\\"el\\">\\n                        <section index=\\"1\\">\\n                            <itemType index=\\"container_1\\">\\n                                <el>\\n                                    <field index=\\"rte_1\\">\\n                                        <value index=\\"vDEF\\">Bacon ipsum dolor sit strong amet capicola jerky pork chop rump shoulder shank. Shankle strip steak pig salami link.<\\/value>\\n                                    <\\/field>\\n                                <\\/el>\\n                            <\\/itemType>\\n                        <\\/section>\\n                    <\\/el>\\n                <\\/field>\\n            <\\/language>\\n        <\\/sheet>\\n        <sheet index=\\"sInline\\">\\n            <language index=\\"lDEF\\">\\n                <field index=\\"inline_1\\">\\n                    <value index=\\"vDEF\\">1<\\/value>\\n                <\\/field>\\n            <\\/language>\\n        <\\/sheet>\\n    <\\/data>\\n<\\/T3FlexForms>","input_palette_1":"lipsum","rte_palette_1":"Bacon ipsum dolor sit strong amet capicola jerky pork chop rump shoulder shank. Shankle strip steak pig salami link."}	0	0	0	0	Bacon ipsum dolor sit strong amet capicola jerky pork chop rump shoulder shank. Shankle strip steak pig salami link.	rte_2	Bacon ipsum dolor sit strong amet capicola jerky pork chop rump shoulder shank. Shankle strip steak pig salami link.	Bacon ipsum dolor sit strong amet capicola jerky pork chop rump shoulder shank. Shankle strip steak pig salami link.	Bacon ipsum dolor sit strong amet capicola jerky pork chop rump shoulder shank. Shankle strip steak pig salami link.	1	<?xml version="1.0" encoding="utf-8" standalone="yes" ?>\
<T3FlexForms>\
    <data>\
        <sheet index="sGeneral">\
            <language index="lDEF">\
                <field index="rte_1">\
                    <value index="vDEF">Bacon ipsum dolor sit strong amet capicola jerky pork chop rump shoulder shank. Shankle strip steak pig salami link.</value>\
                </field>\
                <field index="rte.2">\
                    <value index="vDEF">Bacon ipsum dolor sit strong amet capicola jerky pork chop rump shoulder shank. Shankle strip steak pig salami link.</value>\
                </field>\
            </language>\
        </sheet>\
        <sheet index="sSections">\
            <language index="lDEF">\
                <field index="section_1">\
                    <el index="el">\
                        <section index="1">\
                            <itemType index="container_1">\
                                <el>\
                                    <field index="rte_1">\
                                        <value index="vDEF">Bacon ipsum dolor sit strong amet capicola jerky pork chop rump shoulder shank. Shankle strip steak pig salami link.</value>\
                                    </field>\
                                </el>\
                            </itemType>\
                        </section>\
                    </el>\
                </field>\
            </language>\
        </sheet>\
        <sheet index="sInline">\
            <language index="lDEF">\
                <field index="inline_1">\
                    <value index="vDEF">1</value>\
                </field>\
            </language>\
        </sheet>\
    </data>\
</T3FlexForms>	lipsum	Bacon ipsum dolor sit strong amet capicola jerky pork chop rump shoulder shank. Shankle strip steak pig salami link.	\N	\N	\N	\N	\N	\N	\N	\N	\N	\N
9	318	1741947254	1741947254	0	0	192	8	6	8	\N	{"rte_2":"rte_2","hidden":"0","l10n_parent":"0","l10n_diffsource":"","sys_language_uid":"0","l10n_source":"0","rte_1":"Bacon ipsum dolor sit strong amet capicola jerky pork chop rump shoulder shank. Shankle strip steak pig salami link.","rte_3":"Bacon ipsum dolor sit strong amet capicola jerky pork chop rump shoulder shank. Shankle strip steak pig salami link.","rte_4":"Bacon ipsum dolor sit strong amet capicola jerky pork chop rump shoulder shank. Shankle strip steak pig salami link.","rte_5":"Bacon ipsum dolor sit strong amet capicola jerky pork chop rump shoulder shank. Shankle strip steak pig salami link.","rte_inline_1":"1","rte_flex_1":"<?xml version=\\"1.0\\" encoding=\\"utf-8\\" standalone=\\"yes\\" ?>\\n<T3FlexForms>\\n    <data>\\n        <sheet index=\\"sGeneral\\">\\n            <language index=\\"lDEF\\">\\n                <field index=\\"rte_1\\">\\n                    <value index=\\"vDEF\\">Bacon ipsum dolor sit strong amet capicola jerky pork chop rump shoulder shank. Shankle strip steak pig salami link.<\\/value>\\n                <\\/field>\\n                <field index=\\"rte.2\\">\\n                    <value index=\\"vDEF\\">Bacon ipsum dolor sit strong amet capicola jerky pork chop rump shoulder shank. Shankle strip steak pig salami link.<\\/value>\\n                <\\/field>\\n            <\\/language>\\n        <\\/sheet>\\n        <sheet index=\\"sSections\\">\\n            <language index=\\"lDEF\\">\\n                <field index=\\"section_1\\">\\n                    <el index=\\"el\\">\\n                        <section index=\\"1\\">\\n                            <itemType index=\\"container_1\\">\\n                                <el>\\n                                    <field index=\\"rte_1\\">\\n                                        <value index=\\"vDEF\\">Bacon ipsum dolor sit strong amet capicola jerky pork chop rump shoulder shank. Shankle strip steak pig salami link.<\\/value>\\n                                    <\\/field>\\n                                <\\/el>\\n                            <\\/itemType>\\n                        <\\/section>\\n                    <\\/el>\\n                <\\/field>\\n            <\\/language>\\n        <\\/sheet>\\n        <sheet index=\\"sInline\\">\\n            <language index=\\"lDEF\\">\\n                <field index=\\"inline_1\\">\\n                    <value index=\\"vDEF\\">1<\\/value>\\n                <\\/field>\\n            <\\/language>\\n        <\\/sheet>\\n    <\\/data>\\n<\\/T3FlexForms>","input_palette_1":"lipsum","rte_palette_1":"Bacon ipsum dolor sit strong amet capicola jerky pork chop rump shoulder shank. Shankle strip steak pig salami link."}	0	0	0	0	Bacon ipsum dolor sit strong amet capicola jerky pork chop rump shoulder shank. Shankle strip steak pig salami link.	rte_2	Bacon ipsum dolor sit strong amet capicola jerky pork chop rump shoulder shank. Shankle strip steak pig salami link.	Bacon ipsum dolor sit strong amet capicola jerky pork chop rump shoulder shank. Shankle strip steak pig salami link.	Bacon ipsum dolor sit strong amet capicola jerky pork chop rump shoulder shank. Shankle strip steak pig salami link.	1	<?xml version="1.0" encoding="utf-8" standalone="yes" ?>\
<T3FlexForms>\
    <data>\
        <sheet index="sGeneral">\
            <language index="lDEF">\
                <field index="rte_1">\
                    <value index="vDEF">Bacon ipsum dolor sit strong amet capicola jerky pork chop rump shoulder shank. Shankle strip steak pig salami link.</value>\
                </field>\
                <field index="rte.2">\
                    <value index="vDEF">Bacon ipsum dolor sit strong amet capicola jerky pork chop rump shoulder shank. Shankle strip steak pig salami link.</value>\
                </field>\
            </language>\
        </sheet>\
        <sheet index="sSections">\
            <language index="lDEF">\
                <field index="section_1">\
                    <el index="el">\
                        <section index="1">\
                            <itemType index="container_1">\
                                <el>\
                                    <field index="rte_1">\
                                        <value index="vDEF">Bacon ipsum dolor sit strong amet capicola jerky pork chop rump shoulder shank. Shankle strip steak pig salami link.</value>\
                                    </field>\
                                </el>\
                            </itemType>\
                        </section>\
                    </el>\
                </field>\
            </language>\
        </sheet>\
        <sheet index="sInline">\
            <language index="lDEF">\
                <field index="inline_1">\
                    <value index="vDEF">1</value>\
                </field>\
            </language>\
        </sheet>\
    </data>\
</T3FlexForms>	lipsum	Bacon ipsum dolor sit strong amet capicola jerky pork chop rump shoulder shank. Shankle strip steak pig salami link.	\N	\N	\N	\N	\N	\N	\N	\N	\N	\N
10	318	1741947254	1741947254	0	0	224	9	0	9	\N	{"rte_2":"rte_2","hidden":"0","l10n_parent":"0","l10n_diffsource":"","sys_language_uid":"0","l10n_source":"0","rte_1":"Bacon ipsum dolor sit strong amet capicola jerky pork chop rump shoulder shank. Shankle strip steak pig salami link.","rte_3":"Bacon ipsum dolor sit strong amet capicola jerky pork chop rump shoulder shank. Shankle strip steak pig salami link.","rte_4":"Bacon ipsum dolor sit strong amet capicola jerky pork chop rump shoulder shank. Shankle strip steak pig salami link.","rte_5":"Bacon ipsum dolor sit strong amet capicola jerky pork chop rump shoulder shank. Shankle strip steak pig salami link.","rte_inline_1":"1","rte_flex_1":"<?xml version=\\"1.0\\" encoding=\\"utf-8\\" standalone=\\"yes\\" ?>\\n<T3FlexForms>\\n    <data>\\n        <sheet index=\\"sGeneral\\">\\n            <language index=\\"lDEF\\">\\n                <field index=\\"rte_1\\">\\n                    <value index=\\"vDEF\\">Bacon ipsum dolor sit strong amet capicola jerky pork chop rump shoulder shank. Shankle strip steak pig salami link.<\\/value>\\n                <\\/field>\\n                <field index=\\"rte.2\\">\\n                    <value index=\\"vDEF\\">Bacon ipsum dolor sit strong amet capicola jerky pork chop rump shoulder shank. Shankle strip steak pig salami link.<\\/value>\\n                <\\/field>\\n            <\\/language>\\n        <\\/sheet>\\n        <sheet index=\\"sSections\\">\\n            <language index=\\"lDEF\\">\\n                <field index=\\"section_1\\">\\n                    <el index=\\"el\\">\\n                        <section index=\\"1\\">\\n                            <itemType index=\\"container_1\\">\\n                                <el>\\n                                    <field index=\\"rte_1\\">\\n                                        <value index=\\"vDEF\\">Bacon ipsum dolor sit strong amet capicola jerky pork chop rump shoulder shank. Shankle strip steak pig salami link.<\\/value>\\n                                    <\\/field>\\n                                <\\/el>\\n                            <\\/itemType>\\n                        <\\/section>\\n                    <\\/el>\\n                <\\/field>\\n            <\\/language>\\n        <\\/sheet>\\n        <sheet index=\\"sInline\\">\\n            <language index=\\"lDEF\\">\\n                <field index=\\"inline_1\\">\\n                    <value index=\\"vDEF\\">1<\\/value>\\n                <\\/field>\\n            <\\/language>\\n        <\\/sheet>\\n    <\\/data>\\n<\\/T3FlexForms>","input_palette_1":"lipsum","rte_palette_1":"Bacon ipsum dolor sit strong amet capicola jerky pork chop rump shoulder shank. Shankle strip steak pig salami link."}	0	0	0	0	Bacon ipsum dolor sit strong amet capicola jerky pork chop rump shoulder shank. Shankle strip steak pig salami link.	rte_2	Bacon ipsum dolor sit strong amet capicola jerky pork chop rump shoulder shank. Shankle strip steak pig salami link.	Bacon ipsum dolor sit strong amet capicola jerky pork chop rump shoulder shank. Shankle strip steak pig salami link.	Bacon ipsum dolor sit strong amet capicola jerky pork chop rump shoulder shank. Shankle strip steak pig salami link.	1	<?xml version="1.0" encoding="utf-8" standalone="yes" ?>\
<T3FlexForms>\
    <data>\
        <sheet index="sGeneral">\
            <language index="lDEF">\
                <field index="rte_1">\
                    <value index="vDEF">Bacon ipsum dolor sit strong amet capicola jerky pork chop rump shoulder shank. Shankle strip steak pig salami link.</value>\
                </field>\
                <field index="rte.2">\
                    <value index="vDEF">Bacon ipsum dolor sit strong amet capicola jerky pork chop rump shoulder shank. Shankle strip steak pig salami link.</value>\
                </field>\
            </language>\
        </sheet>\
        <sheet index="sSections">\
            <language index="lDEF">\
                <field index="section_1">\
                    <el index="el">\
                        <section index="1">\
                            <itemType index="container_1">\
                                <el>\
                                    <field index="rte_1">\
                                        <value index="vDEF">Bacon ipsum dolor sit strong amet capicola jerky pork chop rump shoulder shank. Shankle strip steak pig salami link.</value>\
                                    </field>\
                                </el>\
                            </itemType>\
                        </section>\
                    </el>\
                </field>\
            </language>\
        </sheet>\
        <sheet index="sInline">\
            <language index="lDEF">\
                <field index="inline_1">\
                    <value index="vDEF">1</value>\
                </field>\
            </language>\
        </sheet>\
    </data>\
</T3FlexForms>	lipsum	Bacon ipsum dolor sit strong amet capicola jerky pork chop rump shoulder shank. Shankle strip steak pig salami link.	\N	\N	\N	\N	\N	\N	\N	\N	\N	\N
