1	92	1741947233	1741945243	1	0	0	0	0	Bacon ipsum dolor sit strong amet capicola jerky pork chop rump shoulder shank. Shankle strip steak pig salami link.	0	0	0	\N		0	0	0	0	lipsum
2	92	1741947233	1741945243	1	0	0	0	256	Bacon ipsum dolor sit strong amet capicola jerky pork chop rump shoulder shank. Shankle strip steak pig salami link.	6	0	1	\N		0	0	0	0	lipsum
3	92	1741947233	1741945243	1	0	0	0	128	Bacon ipsum dolor sit strong amet capicola jerky pork chop rump shoulder shank. Shankle strip steak pig salami link.	7	1	1	\N	{"hidden":"0","starttime":"0","endtime":"0","l10n_parent":"0","l10n_diffsource":"","description":"Bacon ipsum dolor sit strong amet capicola jerky pork chop rump shoulder shank. Shankle strip steak pig salami link.","sys_language_uid":"0","l10n_source":"0","title":"lipsum"}	0	0	0	0	lipsum
4	92	1741947233	1741945243	1	0	0	0	192	Bacon ipsum dolor sit strong amet capicola jerky pork chop rump shoulder shank. Shankle strip steak pig salami link.	8	1	3	\N	{"hidden":"0","starttime":"0","endtime":"0","l10n_parent":"0","l10n_diffsource":"","description":"Bacon ipsum dolor sit strong amet capicola jerky pork chop rump shoulder shank. Shankle strip steak pig salami link.","sys_language_uid":"0","l10n_source":"0","title":"lipsum"}	0	0	0	0	lipsum
5	92	1741947233	1741945243	1	0	0	0	224	Bacon ipsum dolor sit strong amet capicola jerky pork chop rump shoulder shank. Shankle strip steak pig salami link.	9	0	4	\N	{"hidden":"0","starttime":"0","endtime":"0","l10n_parent":"0","l10n_diffsource":"","description":"Bacon ipsum dolor sit strong amet capicola jerky pork chop rump shoulder shank. Shankle strip steak pig salami link.","sys_language_uid":"0","l10n_source":"0","title":"lipsum"}	0	0	0	0	lipsum
6	283	1741947254	1741947254	0	0	0	0	0	Bacon ipsum dolor sit strong amet capicola jerky pork chop rump shoulder shank. Shankle strip steak pig salami link.	0	0	0	\N		0	0	0	0	lipsum
7	283	1741947254	1741947254	0	0	0	0	256	Bacon ipsum dolor sit strong amet capicola jerky pork chop rump shoulder shank. Shankle strip steak pig salami link.	6	0	6	\N		0	0	0	0	lipsum
8	283	1741947254	1741947254	0	0	0	0	128	Bacon ipsum dolor sit strong amet capicola jerky pork chop rump shoulder shank. Shankle strip steak pig salami link.	7	6	6	\N	{"hidden":"0","starttime":"0","endtime":"0","l10n_parent":"0","l10n_diffsource":"","description":"Bacon ipsum dolor sit strong amet capicola jerky pork chop rump shoulder shank. Shankle strip steak pig salami link.","sys_language_uid":"0","l10n_source":"0","title":"lipsum"}	0	0	0	0	lipsum
9	283	1741947254	1741947254	0	0	0	0	192	Bacon ipsum dolor sit strong amet capicola jerky pork chop rump shoulder shank. Shankle strip steak pig salami link.	8	6	8	\N	{"hidden":"0","starttime":"0","endtime":"0","l10n_parent":"0","l10n_diffsource":"","description":"Bacon ipsum dolor sit strong amet capicola jerky pork chop rump shoulder shank. Shankle strip steak pig salami link.","sys_language_uid":"0","l10n_source":"0","title":"lipsum"}	0	0	0	0	lipsum
10	283	1741947254	1741947254	0	0	0	0	224	Bacon ipsum dolor sit strong amet capicola jerky pork chop rump shoulder shank. Shankle strip steak pig salami link.	9	0	9	\N	{"hidden":"0","starttime":"0","endtime":"0","l10n_parent":"0","l10n_diffsource":"","description":"Bacon ipsum dolor sit strong amet capicola jerky pork chop rump shoulder shank. Shankle strip steak pig salami link.","sys_language_uid":"0","l10n_source":"0","title":"lipsum"}	0	0	0	0	lipsum
